1,1,JVIN52941760509385,Savings,Inactive,2018-03-06,2022-09-17
2,2,OFDE56491231217438,Checking,Inactive,2001-06-15,2023-06-13
3,3,ASUJ09090108956732,Savings,Inactive,2008-03-14,2018-10-22
4,4,SWRB42454578281274,Checking,Inactive,2013-07-23,2017-05-28
5,5,UPVG82055079423307,Savings,Inactive,2010-09-29,2016-02-29
6,6,HPLO76127951363090,Savings,Inactive,2002-05-28,2009-05-22
7,7,HNCJ23105223047749,Checking,Inactive,2023-11-24,2024-05-23
8,8,TNGP69629311625326,Savings,Active,2024-04-19,2024-06-01
9,9,CMKA11480633996571,Savings,Inactive,1996-04-11,2015-03-21
10,10,ZEWY37512880967484,Checking,Active,2022-03-24,2023-04-18
11,11,WOFU10577539426229,Checking,Inactive,2024-07-01,2024-07-19
12,12,VCKX93290022406029,Checking,Inactive,2022-06-02,2023-10-07
13,13,QDUR13888522544028,Savings,Active,2020-03-13,2021-10-13
14,14,ZJKG72492434839385,Savings,Active,2019-08-18,2023-12-29
15,15,OATZ72086958903636,Savings,Inactive,2024-03-22,2024-07-20
16,16,BCOG28183648547567,Checking,Inactive,2005-05-18,2019-07-22
17,17,FABB01213258786767,Checking,Inactive,1978-04-07,2010-06-28
18,18,UJLJ31156510016024,Checking,Active,2023-01-29,2023-11-14
19,19,UAAA84794525186502,Savings,Active,2020-01-14,2021-09-01
20,20,MGZV73520387477668,Checking,Closed,2014-12-27,2017-09-19
21,21,BJLM42418122136202,Savings,Active,2021-04-07,2023-02-28
22,22,VSEO47127074008183,Checking,Inactive,1988-12-04,2006-02-22
23,23,CZVX17507559108126,Checking,Closed,1994-05-17,2015-02-01
24,24,KDLU71943234718273,Checking,Active,2012-02-07,2017-01-18
25,25,VPGX52622839824531,Savings,Inactive,1975-05-05,2019-01-01
26,26,AVAM90259582293328,Savings,Inactive,2013-01-27,2013-02-09
27,27,HBDF55022862676056,Checking,Active,2018-01-28,2020-08-16
28,28,XEDX07603998740867,Savings,Active,2022-04-05,2022-05-24
29,29,UBZS76910758694410,Savings,Inactive,1991-11-24,1996-02-02
30,30,SSLF70738324854666,Savings,Inactive,2019-05-15,2020-05-14
31,31,UICZ59044106950905,Savings,Closed,2009-06-13,2017-08-13
32,32,DMGV47789187754180,Savings,Active,2014-11-16,2014-12-19
33,33,KSZT02494482055901,Checking,Inactive,2024-05-19,2024-06-02
34,34,AYTZ55024738653527,Savings,Active,2017-09-24,2019-12-19
35,35,EAAP98244795586449,Savings,Inactive,2006-08-07,2006-08-19
36,36,UQKO50670980393155,Savings,Inactive,2019-05-23,2021-09-19
37,37,DZJA81106800993591,Savings,Inactive,2004-08-17,2009-11-18
38,38,YHIR43326883717004,Checking,Inactive,2010-06-15,2021-02-05
39,39,HGWJ87060996144050,Checking,Inactive,1991-01-05,2008-02-11
40,40,TTTC43886380803469,Savings,Inactive,2013-04-12,2019-04-27
41,41,BRVN55150944389031,Checking,Inactive,2017-02-24,2021-04-09
42,42,CNZC37284155942548,Savings,Inactive,2013-01-15,2016-01-20
43,43,HLLC45088656757387,Checking,Active,2022-01-06,2022-04-21
44,44,YMLI89709736961200,Checking,Inactive,2012-04-02,2015-06-08
45,45,HZRT82575832912527,Savings,Closed,2000-01-13,2017-01-11
46,46,EEJI53153559142633,Savings,Inactive,1989-08-09,2003-12-09
47,47,CUUJ91667436929411,Savings,Inactive,2009-07-28,2012-04-08
48,48,AEVD87736226368729,Savings,Inactive,1994-03-04,2015-06-18
49,49,TLQN39575013117299,Savings,Inactive,1993-05-26,2014-06-22
50,50,IRJK08587514475773,Savings,Inactive,1977-11-04,1989-05-28
51,51,UCOG35514245482982,Savings,Inactive,1988-11-03,2014-03-08
52,52,SXFW36884886563117,Savings,Inactive,2018-01-04,2020-08-17
53,53,QPRX18605052527821,Savings,Inactive,2018-09-18,2023-04-25
54,54,LJCJ46989385357433,Savings,Closed,2024-03-17,2024-03-18
55,55,IQNV02290273251571,Savings,Active,2024-07-05,2024-08-02
56,56,FYLX39509701351476,Savings,Inactive,1997-11-19,2019-04-16
57,57,PBNP99302677002808,Savings,Active,2023-12-27,2024-03-08
58,58,TSUQ81661671983780,Checking,Active,2021-02-25,2021-12-26
59,59,RBML00528931354165,Savings,Closed,2019-08-07,2020-02-02
60,60,GDHS33631853663569,Checking,Closed,2024-04-30,2024-07-19
61,61,ELBR32022177145256,Savings,Active,2024-02-23,2024-04-02
62,62,CURL40781413125472,Checking,Inactive,1963-04-16,2019-01-26
63,63,ZJQW95365289767880,Savings,Inactive,2016-07-05,2021-10-06
64,64,WYLD13989020078768,Savings,Active,2022-08-14,2024-01-04
65,65,QMRI20841438880294,Checking,Inactive,2021-11-25,2024-02-08
66,66,UYJN97494477910009,Checking,Inactive,2015-07-25,2019-05-13
67,67,JXRZ07525918695514,Savings,Inactive,1983-01-10,2006-05-23
68,68,QIXU82208492149954,Checking,Inactive,2013-05-22,2019-03-18
69,69,PVAU16124708207350,Savings,Inactive,1986-06-04,2013-02-02
70,70,RHYH26789671259487,Checking,Inactive,2003-12-19,2019-05-31
71,71,DWMH98050201054410,Checking,Inactive,2010-05-31,2023-03-19
72,72,BYCO85862481591956,Savings,Closed,1989-09-04,1991-02-25
73,73,VSTI05087772215914,Savings,Active,2023-08-29,2024-02-07
74,74,GLVP40467614092535,Savings,Inactive,1982-06-24,1984-06-06
75,75,WXEP48170431092341,Checking,Inactive,2022-06-19,2024-05-09
76,76,GAVT27494800229283,Checking,Inactive,2023-11-14,2024-01-08
77,77,TQFA00594795807947,Checking,Inactive,1994-12-29,2014-01-29
78,78,TXEQ76090205093750,Checking,Active,2021-03-14,2022-10-21
79,79,FOHG04542564214944,Savings,Active,2022-09-06,2023-03-21
80,80,QJPU16102040812822,Checking,Inactive,2004-01-26,2012-01-24
81,81,TCPX97591140256295,Checking,Inactive,1998-08-22,2012-11-18
82,82,ACTN07746329593930,Savings,Active,2014-12-25,2016-08-16
83,83,FBRL42576653569111,Checking,Inactive,1976-07-07,1990-06-28
84,84,VZPW35785301193746,Checking,Active,2018-08-19,2023-11-01
85,85,WGSN09398393880974,Checking,Active,2020-12-17,2023-01-09
86,86,LRGE09498279561033,Savings,Active,2021-05-30,2022-07-28
87,87,WQVD53433330150581,Checking,Active,2024-05-09,2024-07-20
88,88,ZKVI81885004444164,Checking,Closed,2009-02-15,2013-11-05
89,89,GLMX75481994842136,Savings,Inactive,2006-07-31,2021-07-30
90,90,EYWP24113544986052,Savings,Inactive,2001-12-15,2023-12-03
91,91,UKJW59773976252177,Savings,Closed,1989-07-28,1992-07-14
92,92,RKMH30968887813637,Checking,Inactive,1997-11-14,2019-12-22
93,93,EUFS31134880471086,Checking,Inactive,2015-06-27,2022-05-28
94,94,IMNR74752540517906,Savings,Inactive,2005-04-22,2022-01-06
95,95,GAHH70568448912530,Checking,Inactive,2016-12-12,2023-10-31
96,96,CXMX33065231230955,Savings,Inactive,2017-10-20,2023-07-20
97,97,UNSH00120587134669,Savings,Active,2024-02-14,2024-03-13
98,98,RVBI76176268815936,Savings,Inactive,2020-05-26,2021-08-18
99,99,YCIF56606186650802,Savings,Active,2021-09-08,2023-08-04
100,100,XVBQ11278820625012,Savings,Inactive,2019-05-17,2019-11-15
101,101,BIXR56768494247539,Savings,Active,2010-10-14,2023-11-20
102,102,QMCN00018230115061,Savings,Active,2021-05-14,2024-04-27
103,103,UWDF16352109327416,Savings,Inactive,2011-06-12,2011-12-27
104,104,MQUP34927035939269,Checking,Inactive,2024-02-14,2024-03-19
105,105,GGKG56453968494168,Checking,Inactive,1980-10-04,1986-02-03
106,106,EDKW79723360929178,Savings,Active,2023-03-06,2023-12-09
107,107,JFBH81062349058569,Savings,Inactive,2016-11-05,2020-02-12
108,108,VFLC01042616841616,Checking,Active,2013-01-03,2017-04-04
109,109,OBIK38701001436260,Savings,Inactive,2009-08-12,2010-12-13
110,110,NVYH36716703458018,Checking,Inactive,2021-05-06,2022-04-01
111,111,BWZN78726942214021,Checking,Active,2022-07-07,2024-04-19
112,112,MUXD96888313536663,Checking,Inactive,2016-11-08,2020-09-17
113,113,VPAO89493087026402,Savings,Inactive,2018-02-12,2024-05-29
114,114,CBZT01997320079279,Savings,Active,2021-12-22,2022-03-01
115,115,AAGO40382765191493,Checking,Active,2018-09-01,2019-07-05
116,116,XTEW22573558181097,Savings,Inactive,2005-06-16,2016-05-04
117,117,ESDG93284459669132,Savings,Active,2023-03-07,2023-10-21
118,118,JJGS93665209804934,Savings,Active,2014-03-27,2022-03-02
119,119,OBIQ46096598537809,Checking,Active,2013-10-08,2021-03-17
120,120,DOPR98054058736211,Savings,Active,2024-03-09,2024-06-29
121,121,BBKT51108583968629,Savings,Closed,2003-05-30,2023-06-22
122,122,TFWV05970368431861,Savings,Inactive,2021-05-31,2022-07-16
123,123,CVCB80089078285073,Savings,Inactive,2021-02-08,2021-10-29
124,124,NIML35262727827799,Savings,Inactive,1983-11-19,2018-05-27
125,125,NATY46931803220323,Savings,Inactive,2023-03-01,2024-01-30
126,126,WCLB01633842623066,Savings,Inactive,1978-06-18,2007-06-18
127,127,PGVP78291983159761,Checking,Inactive,2005-04-20,2011-11-10
128,128,ERZY14400390663652,Checking,Active,2023-04-05,2023-08-23
129,129,HNCU38888139442766,Checking,Inactive,2024-01-30,2024-04-27
130,130,GKUG59419030434853,Savings,Inactive,1981-10-31,2004-05-19
131,131,MEMT29381320568868,Savings,Inactive,2023-08-22,2023-10-02
132,132,MYGC97712376794560,Savings,Inactive,2012-08-11,2019-11-18
133,133,ZDGP42577942597721,Checking,Inactive,2006-10-06,2016-07-24
134,134,MFMI76578273056811,Checking,Inactive,1989-06-21,1990-07-01
135,135,KHVD72819627207327,Savings,Closed,2016-11-02,2019-11-10
136,136,ITKA49744855167110,Savings,Inactive,2024-02-25,2024-05-15
137,137,WVEP56690952086241,Savings,Inactive,2021-06-24,2023-02-02
138,138,UXMY78070952900855,Savings,Active,2008-02-02,2023-08-13
139,139,KUNN09518243618876,Checking,Inactive,2014-07-12,2015-02-26
140,140,LOLX20719289706989,Savings,Closed,2024-04-19,2024-07-02
141,141,AIKE63819023179413,Savings,Inactive,2007-07-04,2019-06-15
142,142,PSHP31538693812377,Savings,Active,2023-06-02,2023-08-03
143,143,WSGU38082657746419,Savings,Inactive,2013-05-16,2014-07-10
144,144,AVDS70597496227457,Savings,Inactive,1984-07-07,2001-09-22
145,145,BSMB86570032449677,Checking,Closed,2020-01-01,2020-07-20
146,146,EZVD61899679988814,Savings,Inactive,1985-09-02,2005-04-20
147,147,ETBY23815755545098,Savings,Inactive,2003-06-17,2015-03-30
148,148,BKIL16237083277825,Savings,Inactive,1976-10-23,2021-08-26
149,149,FQDT75345787535594,Checking,Closed,2024-01-24,2024-05-23
150,150,AXAS02688840957539,Checking,Inactive,2020-02-21,2021-01-22
151,151,KQPQ97289171192506,Savings,Inactive,2010-08-25,2018-08-30
152,152,BKJV98885927521744,Checking,Inactive,2008-05-28,2015-02-25
153,153,EQSL90255709892939,Savings,Inactive,2018-11-25,2021-09-15
154,154,SVJG45195885909314,Checking,Inactive,1996-04-02,2014-12-22
155,155,IRKY41342678272790,Savings,Inactive,2004-03-19,2007-09-24
156,156,WFWQ67674702638118,Checking,Inactive,1992-10-26,2018-11-24
157,157,YNYR77203062686568,Checking,Inactive,2007-03-20,2018-12-19
158,158,HHFC15125418036669,Checking,Inactive,2013-11-06,2023-07-31
159,159,MHOL20316813428074,Checking,Inactive,2015-02-21,2015-05-18
160,160,YSXM49758115229355,Savings,Active,2019-02-07,2023-11-08
161,161,LGWI05154328567490,Savings,Active,2022-10-18,2023-11-12
162,162,KURB65269776422505,Savings,Inactive,1997-03-31,2021-03-01
163,163,ZTYK93847797792601,Savings,Active,2019-03-29,2024-01-14
164,164,YARD74594335850616,Savings,Inactive,1988-10-29,1992-06-29
165,165,QWBN43323722716744,Checking,Inactive,2011-07-16,2016-12-26
166,166,LDTY20294632138209,Checking,Closed,2023-08-30,2024-01-18
167,167,CIIM26806550105554,Savings,Inactive,2015-08-11,2023-01-11
168,168,SOCT76809789078030,Savings,Inactive,2021-07-23,2022-06-11
169,169,EOTA87686393737203,Checking,Active,2024-06-18,2024-06-20
170,170,ANTB90305233284958,Checking,Active,2023-02-05,2023-04-14
171,171,VGXW48428355759949,Checking,Inactive,2019-12-17,2023-12-10
172,172,ESTF14669854295636,Savings,Inactive,2023-12-05,2024-01-08
173,173,UVMR15565388193892,Savings,Inactive,1998-11-05,2011-10-25
174,174,PDOS64076198987693,Savings,Closed,2024-03-25,2024-06-24
175,175,DIZJ74128695694426,Checking,Inactive,1999-12-05,2022-06-07
176,176,PTVY26059368988787,Savings,Inactive,2013-01-09,2013-07-12
177,177,AYTJ44230816165027,Checking,Active,2023-07-17,2023-10-27
178,178,NEGY02847436091210,Savings,Active,2013-02-09,2019-11-14
179,179,GEJP57261786055333,Checking,Inactive,2019-11-07,2021-07-05
180,180,UHMB16522533166654,Savings,Inactive,2021-03-11,2023-01-19
181,181,VHZU40562934180471,Savings,Inactive,1989-07-17,2006-08-14
182,182,JPHM65008375499964,Savings,Inactive,2021-01-27,2023-11-20
183,183,AQHK16648767177421,Checking,Inactive,2004-01-08,2016-09-07
184,184,NZAH93184618207129,Savings,Inactive,2004-02-29,2009-01-05
185,185,VMOZ24812059606303,Checking,Inactive,1988-11-11,1995-02-26
186,186,GRII13310646821970,Checking,Inactive,1986-03-05,2010-01-09
187,187,PAHV97809697911442,Checking,Active,2021-01-25,2023-09-26
188,188,PXZO76089232283688,Savings,Inactive,1996-04-25,2009-11-05
189,189,VZCT04854343193036,Checking,Active,2022-08-02,2022-09-24
190,190,INZE41415881068852,Savings,Inactive,2002-07-27,2008-05-01
191,191,ATLN65270196259188,Savings,Inactive,2016-01-07,2018-04-10
192,192,FVEU80717054870000,Checking,Inactive,2013-08-09,2024-07-31
193,193,TVCO40012043144453,Savings,Inactive,1984-06-13,2023-08-20
194,194,BIQW84346014532099,Checking,Inactive,2024-06-30,2024-07-11
195,195,UUZH83794339803971,Checking,Active,2022-01-20,2023-10-06
196,196,UHTC10885135161881,Savings,Inactive,2016-07-17,2023-11-27
197,197,WYNQ38492307365394,Checking,Inactive,2021-05-15,2022-04-22
198,198,TCDE11914808940860,Savings,Active,2022-08-07,2023-04-05
199,199,RJBO47259408686151,Checking,Inactive,1999-08-12,2015-11-27
200,200,CGNX32110923511660,Checking,Inactive,1995-06-06,2014-10-20
201,201,PNPP92389282252559,Savings,Inactive,2005-11-03,2023-01-25
202,202,JVLS54942814974834,Savings,Inactive,2018-09-16,2021-10-06
203,203,ORBO37967526500340,Savings,Inactive,1977-01-15,2011-06-27
204,204,PSDG61820591672859,Savings,Active,2012-04-14,2016-04-17
205,205,LXEN00921129924502,Savings,Inactive,2017-12-25,2023-08-27
206,206,LJQE78775799585597,Checking,Inactive,1978-04-29,1998-08-30
207,207,NAPD41350170493237,Checking,Inactive,2000-07-11,2001-12-06
208,208,PCUL12196782790610,Savings,Inactive,1995-05-27,2001-06-24
209,209,ZJRD20724243457561,Checking,Inactive,2014-05-13,2018-01-30
210,210,BPTD70011457529175,Savings,Inactive,2007-08-29,2021-07-17
211,211,VHFI33121018318406,Savings,Closed,2014-08-16,2016-03-03
212,212,EPJD22881997582400,Savings,Closed,2014-07-30,2022-12-14
213,213,QNAQ71033105811389,Savings,Inactive,1999-10-07,2014-08-05
214,214,NCLD03868018602935,Checking,Inactive,1987-12-19,2008-07-15
215,215,VWMT89648984358136,Savings,Inactive,1989-11-27,1994-09-26
216,216,BPDS40670051087647,Checking,Inactive,1991-10-17,2009-12-09
217,217,ZVOM00681923749068,Checking,Inactive,1990-04-18,1997-06-05
218,218,QCLR55427803823206,Checking,Inactive,2023-01-10,2023-05-19
219,219,RVRR73350785807927,Checking,Active,2023-04-15,2024-05-15
220,220,VNLR95658398353100,Checking,Inactive,2023-02-20,2023-06-14
221,221,ZMUG76723257914374,Savings,Inactive,1997-04-03,2018-11-20
222,222,ETMT91813551467715,Checking,Inactive,2016-02-15,2023-10-20
223,223,FYAJ82223830972234,Checking,Inactive,2009-07-12,2012-01-04
224,224,ADEA90885090690471,Checking,Active,2024-01-06,2024-05-22
225,225,FNDD97273981081509,Savings,Inactive,2016-08-20,2023-06-14
226,226,OMGV52937270321137,Checking,Inactive,1997-09-06,2003-11-23
227,227,XJRG92915359022138,Checking,Inactive,2007-10-26,2018-08-12
228,228,BYOH36082608684032,Savings,Active,2016-09-07,2018-04-05
229,229,XYBT13979279612891,Checking,Active,2021-04-09,2024-07-08
230,230,MLXV93534720484063,Savings,Closed,2005-08-28,2010-05-08
231,231,QXYF73229424078458,Savings,Inactive,2022-11-27,2022-12-25
232,232,EEBU64139249189394,Savings,Inactive,2022-07-15,2022-11-27
233,233,SKSF45225788873344,Savings,Closed,2020-10-14,2023-01-24
234,234,TEMW95933323163122,Checking,Inactive,2014-07-15,2023-11-18
235,235,CMQA33923340966033,Checking,Inactive,2011-05-24,2021-05-22
236,236,VWZM12716003834602,Checking,Active,2023-12-28,2024-01-29
237,237,HHVI43568653486553,Checking,Active,2015-11-08,2017-09-27
238,238,XDGT34982349031548,Savings,Active,2021-10-24,2022-08-14
239,239,CWXD64915760541516,Checking,Inactive,2009-10-10,2009-12-22
240,240,CVDJ17486493212457,Checking,Inactive,1999-01-31,2022-07-25
241,241,SVLF05076145696132,Checking,Inactive,2012-02-28,2012-05-22
242,242,RPWD73202864169392,Checking,Inactive,2009-02-25,2012-04-23
243,243,ODDW41093767899114,Checking,Active,2019-11-22,2020-07-13
244,244,YJLK50787312324981,Savings,Inactive,2002-08-16,2021-01-09
245,245,NEVX12612861094863,Checking,Inactive,2006-03-09,2019-02-26
246,246,BOVI71773667638374,Savings,Active,2019-11-14,2021-01-11
247,247,WLET56538542281218,Savings,Active,2023-01-19,2024-05-29
248,248,ZFEK79229063994609,Savings,Inactive,1992-07-12,1996-02-26
249,249,TEBM17221852430034,Savings,Active,2024-06-22,2024-07-17
250,250,XCFP26332501761874,Savings,Inactive,1977-11-06,2024-05-18
251,251,YTJC66471538510647,Savings,Inactive,1994-07-19,2023-06-12
252,252,IZRD00133047832734,Savings,Inactive,2006-04-05,2013-04-15
253,253,GZKU20005931395642,Savings,Inactive,2004-11-09,2008-05-09
254,254,PJGB67910765172294,Checking,Inactive,1972-11-30,1983-04-24
255,255,QCCA52047852093351,Savings,Closed,2023-09-15,2024-06-30
256,256,FOJX22204677220856,Checking,Inactive,2002-11-13,2022-05-13
257,257,NITD26809371511658,Checking,Closed,2002-02-23,2016-06-18
258,258,MBTW88006052466984,Savings,Inactive,1985-06-02,2006-05-10
259,259,DJTJ13199259293492,Savings,Active,2022-09-05,2024-02-01
260,260,MXUZ13372231235095,Savings,Inactive,1999-07-30,2015-12-29
261,261,EYJE88353465670429,Savings,Inactive,2008-07-07,2014-02-12
262,262,CEVN51335405157118,Savings,Inactive,2007-07-07,2015-10-07
263,263,ROLP12927329661849,Savings,Active,2020-10-04,2023-10-26
264,264,DULR43253348075344,Savings,Active,2023-07-01,2023-07-21
265,265,FAXP31529932367865,Savings,Inactive,2020-07-09,2022-07-28
266,266,TWKP70014756103191,Checking,Inactive,2004-03-22,2015-01-21
267,267,KRAL05803159526564,Savings,Inactive,2021-05-03,2023-09-08
268,268,QZGU59551396451360,Checking,Inactive,1976-11-04,1998-01-11
269,269,ROLX44875244317993,Checking,Inactive,1999-01-10,2014-06-20
270,270,BGKQ00608100481304,Checking,Inactive,2017-12-28,2019-10-17
271,271,POYE96677901084409,Savings,Closed,2004-04-21,2015-01-28
272,272,MWRQ19227866808710,Checking,Inactive,2020-01-24,2020-12-26
273,273,ATBE75231144044539,Savings,Closed,2023-10-14,2024-08-06
274,274,LMWD63151181082809,Savings,Inactive,2016-08-10,2024-07-15
275,275,XNYZ96199231556425,Savings,Inactive,2016-05-27,2023-12-04
276,276,GICH73230835580061,Savings,Active,2022-01-17,2023-09-01
277,277,YCFZ06205171064098,Checking,Inactive,1985-07-26,2020-01-30
278,278,RFGF56642721041199,Savings,Inactive,1996-09-18,2019-09-13
279,279,XIEU03196337063084,Savings,Inactive,1994-09-05,2011-10-08
280,280,BYEE22628088346712,Savings,Inactive,2019-05-05,2020-09-11
281,281,ZYGA98486534748233,Checking,Inactive,1975-03-16,2008-07-31
282,282,SSYT57633077378059,Checking,Inactive,2020-08-24,2022-07-16
283,283,PBXC05093044710621,Savings,Inactive,2021-01-22,2022-06-04
284,284,TKEM71937064105145,Savings,Inactive,2022-10-23,2024-05-08
285,285,DIBG82997893631002,Savings,Closed,2014-11-25,2021-08-03
286,286,WSRZ96369883659439,Savings,Active,2024-04-10,2024-06-10
287,287,APUH02919438295908,Checking,Inactive,2021-08-03,2023-08-06
288,288,WTWL99019804554304,Savings,Closed,2022-02-06,2022-05-07
289,289,JRZM41854437480631,Savings,Active,2018-11-19,2022-03-06
290,290,LYTN56240886515351,Checking,Inactive,1993-06-07,2009-04-23
291,291,EUOD85182374772890,Savings,Closed,2004-11-11,2005-04-29
292,292,DBMX37104115858196,Checking,Inactive,2011-04-10,2014-12-09
293,293,AWTX51375631636299,Savings,Inactive,2017-03-31,2020-01-22
294,294,EMRM96332442603833,Checking,Inactive,2019-01-26,2021-06-03
295,295,KDHY96362619789633,Savings,Closed,2024-05-11,2024-06-29
296,296,OXLT88134278295037,Savings,Inactive,2020-07-25,2020-11-22
297,297,EQQL72512331285559,Checking,Active,2018-09-09,2021-09-03
298,298,NJXE62249498606307,Savings,Active,2019-05-04,2021-01-25
299,299,NFNA78125056741553,Savings,Closed,2007-08-24,2018-06-13
300,300,ERWW14366015557645,Checking,Closed,2011-08-10,2013-08-13
301,301,PMHH82129803490413,Checking,Inactive,1982-07-14,2017-12-26
302,302,RNJY72953750660040,Checking,Inactive,2003-06-28,2003-11-18
303,303,NZWL27579537600439,Checking,Inactive,2009-12-16,2017-05-18
304,304,QGNV33557259509494,Checking,Active,2018-06-18,2019-07-15
305,305,LJHG97692265022173,Checking,Inactive,2001-09-24,2003-07-31
306,306,XGQN31180612848951,Savings,Inactive,2013-11-17,2022-01-24
307,307,IJAD63625532644259,Checking,Inactive,2022-10-21,2023-11-25
308,308,FDQB94039952135800,Checking,Inactive,2018-05-15,2024-04-28
309,309,BACZ31651975443162,Savings,Closed,2022-07-30,2023-05-10
310,310,ZOFG60816262303615,Checking,Active,2010-01-16,2023-04-14
311,311,NBCR87986057340452,Savings,Active,2019-08-17,2024-07-14
312,312,CFFC58996602666537,Savings,Inactive,2010-09-14,2017-07-05
313,313,YJEJ50652848620430,Savings,Inactive,2013-09-10,2015-12-26
314,314,GOKN33239783003056,Savings,Closed,2021-11-28,2023-10-08
315,315,NLEX87165205818594,Checking,Inactive,1979-01-21,1996-11-23
316,316,CWFX37513932646057,Checking,Inactive,1978-12-14,2021-12-28
317,317,AWBX75698319457028,Savings,Inactive,2023-10-15,2024-03-01
318,318,HDKD51732228718922,Checking,Inactive,2015-05-27,2022-05-01
319,319,PHTD18123597157993,Checking,Inactive,2007-10-31,2021-04-08
320,320,HUAS53965511614997,Checking,Inactive,1985-10-27,1992-04-02
321,321,XTDJ13846797926776,Savings,Active,2024-03-22,2024-03-22
322,322,MGQL62747965050989,Savings,Closed,2024-06-01,2024-06-06
323,323,PQBL37169178926670,Savings,Inactive,1987-08-07,2017-08-23
324,324,KUVY00709314990494,Savings,Closed,1980-05-05,2019-11-14
325,325,JQPC04938458842889,Checking,Inactive,2019-01-11,2022-08-08
326,326,QNAA87150439586960,Savings,Inactive,2005-06-30,2009-09-23
327,327,TNJO85362106454176,Savings,Closed,2001-04-08,2017-01-31
328,328,AZVK71650005228246,Savings,Inactive,2020-09-18,2021-12-08
329,329,HIOI61658220670854,Savings,Closed,2022-03-06,2022-09-01
330,330,SKQL97859700123760,Savings,Active,2023-02-10,2023-05-18
331,331,JYPA82916057609913,Savings,Inactive,2012-06-22,2022-10-23
332,332,HLCZ45874856640353,Savings,Inactive,1961-09-28,2009-11-03
333,333,KQBI85522237337344,Savings,Inactive,1980-12-31,2014-02-24
334,334,FRCL22437230684978,Savings,Inactive,2000-09-24,2015-05-27
335,335,EBXV11555848573903,Checking,Inactive,2009-08-22,2018-05-22
336,336,NFLC27145255441260,Checking,Inactive,1983-02-22,1988-10-15
337,337,VKOQ06069149203780,Savings,Inactive,1997-10-25,2023-05-08
338,338,VVNT71676475468714,Savings,Inactive,2020-12-31,2024-06-16
339,339,QKNV52542778304685,Savings,Active,2020-07-06,2022-11-04
340,340,TTNK92980713681512,Savings,Inactive,1972-08-15,1980-06-28
341,341,LDES04671274080585,Checking,Inactive,2017-11-03,2023-07-10
342,342,ETZO48282671829848,Savings,Inactive,1994-10-14,2002-04-26
343,343,UJLP29268219556800,Savings,Active,2022-02-24,2022-06-01
344,344,UZJF79839975896975,Savings,Inactive,2000-10-27,2010-05-11
345,345,OVGK96836773802168,Savings,Inactive,1997-03-10,2001-04-06
346,346,KQWZ10570468406845,Savings,Inactive,2019-09-27,2022-08-13
347,347,BDAE95767197885658,Savings,Inactive,2014-08-18,2021-02-04
348,348,PZEP85973267821705,Savings,Inactive,2024-01-08,2024-06-09
349,349,NNMI26282097514042,Checking,Active,2024-03-25,2024-05-31
350,350,UYXJ45519319219744,Savings,Closed,1997-12-13,1999-03-31
351,351,MSPN23617458235754,Checking,Inactive,2011-03-01,2015-10-12
352,352,GFWF64551909455437,Savings,Active,2023-06-30,2023-10-09
353,353,DQUM96570055273705,Checking,Inactive,2018-08-16,2020-12-31
354,354,WOSK66738341899828,Savings,Inactive,2011-10-30,2022-01-02
355,355,ALUG88192627926118,Savings,Active,2020-07-27,2024-03-17
356,356,FZPO50165616087722,Checking,Inactive,2015-01-12,2023-02-10
357,357,DAJD80475900333966,Checking,Inactive,2015-09-14,2019-01-14
358,358,QQAN28714673001282,Checking,Active,2024-02-23,2024-03-25
359,359,UQBR01889205727846,Savings,Inactive,2010-09-19,2012-09-11
360,360,GGNG11749844626493,Savings,Inactive,2004-03-31,2023-12-22
361,361,ENWI74200321079937,Savings,Inactive,2022-09-26,2023-07-12
362,362,TETH65730273033368,Checking,Active,2020-05-17,2022-06-14
363,363,FYOB06705312571595,Savings,Inactive,2016-11-20,2022-08-01
364,364,HANC79179041993953,Savings,Inactive,2001-03-04,2004-07-24
365,365,ZFBJ40254772307808,Savings,Inactive,2013-04-02,2017-07-19
366,366,TZHT52118617335688,Savings,Inactive,2022-06-19,2024-06-02
367,367,IKSU46614974358465,Savings,Active,2021-05-19,2023-07-03
368,368,LVAD99828179148425,Savings,Inactive,2024-01-12,2024-01-31
369,369,GDKG91486630310182,Savings,Inactive,2020-07-29,2023-07-12
370,370,SSXT62531868543007,Savings,Active,2021-10-31,2022-10-24
371,371,BBNA68460136379006,Savings,Inactive,2005-09-08,2018-07-12
372,372,TAGL37536878780432,Checking,Active,2023-02-21,2023-06-20
373,373,DCVF96271607585026,Savings,Inactive,2015-12-12,2021-12-16
374,374,CWQU88077420111952,Savings,Active,2013-10-03,2014-03-08
375,375,OCNU54258646580073,Checking,Inactive,2024-01-11,2024-02-01
376,376,FJMU26701910598433,Savings,Inactive,2011-03-01,2013-05-16
377,377,XEFX63918631154660,Savings,Inactive,1994-11-09,1996-10-09
378,378,SUTJ47862413061864,Savings,Inactive,2011-04-26,2024-07-13
379,379,NHFH58476112874683,Savings,Active,2024-02-26,2024-07-24
380,380,JEBS94139845131877,Savings,Inactive,2004-12-18,2013-05-28
381,381,EQSF59327534013023,Checking,Closed,2004-02-15,2019-05-07
382,382,HHMG41603720497439,Checking,Inactive,2018-12-03,2020-09-17
383,383,IJED11431039598244,Savings,Active,2017-02-09,2024-02-25
384,384,JDYF38268446100044,Checking,Inactive,2019-10-12,2023-09-28
385,385,PQIV02620775963216,Checking,Closed,2020-04-02,2021-01-22
386,386,JVIH67070513612343,Checking,Inactive,2007-02-15,2024-03-29
387,387,OGZL58876621384461,Savings,Inactive,1988-11-05,1996-10-19
388,388,KJMM63846773337577,Checking,Active,2022-04-08,2023-01-09
389,389,GGSQ10488111848525,Savings,Closed,2006-02-02,2011-11-16
390,390,GSWJ02339337436528,Savings,Inactive,2007-12-21,2023-11-08
391,391,HHRN61030765021087,Savings,Active,2024-03-22,2024-07-15
392,392,WOCD31119320100395,Savings,Closed,2008-10-18,2023-02-02
393,393,EIWL57658210380535,Checking,Active,2015-08-06,2018-12-02
394,394,SZXO50107365314156,Savings,Active,2012-05-14,2014-05-14
395,395,ESIF89102602317635,Savings,Active,2023-09-05,2024-05-29
396,396,FPLX53652284285118,Checking,Inactive,1987-02-13,1987-08-07
397,397,RCRH28821365178537,Savings,Inactive,2015-03-27,2021-01-20
398,398,MAVW04480904239674,Checking,Inactive,2004-09-09,2012-02-18
399,399,TYZE49438717484948,Checking,Active,2024-02-06,2024-05-15
400,400,VXDG02394667893896,Checking,Inactive,1984-11-06,2004-10-25
401,401,MKOU16213575981766,Checking,Active,2024-05-31,2024-07-03
402,402,AIPH66105563103493,Savings,Inactive,2020-03-23,2022-04-15
403,403,SFQZ87274606785036,Savings,Inactive,2003-03-06,2017-08-09
404,404,FLCY57583777479374,Savings,Inactive,2024-03-04,2024-05-16
405,405,ARFG97102580217906,Checking,Active,2017-10-13,2023-01-12
406,406,BFIX98554534143462,Savings,Inactive,2014-02-16,2019-12-06
407,407,XVKR71350301068174,Savings,Active,2019-11-14,2021-05-13
408,408,ESPU92499269717334,Savings,Inactive,2022-08-29,2023-05-19
409,409,JUKW84447400167046,Savings,Inactive,1981-03-21,1993-02-03
410,410,ISTR38028065329292,Savings,Inactive,2019-12-10,2022-09-23
411,411,GAUB98063551229101,Savings,Inactive,1990-05-04,2021-06-20
412,412,BEMY95205308307955,Checking,Inactive,2018-08-05,2019-10-26
413,413,VRXE54928637964115,Checking,Closed,2018-11-20,2022-07-03
414,414,UBBI33971260747604,Savings,Closed,2014-04-22,2018-01-04
415,415,EPJJ50636754485349,Savings,Inactive,2009-09-01,2024-01-16
416,416,MVAJ00287012348805,Checking,Active,2015-05-04,2023-06-04
417,417,IBVP97368532923108,Savings,Active,2022-10-04,2023-10-01
418,418,RXDB80509884617945,Savings,Closed,2003-03-27,2011-05-31
419,419,ITTV49129966078233,Savings,Active,2018-11-29,2023-12-27
420,420,GGMH09550103786541,Checking,Inactive,2011-01-24,2022-11-01
421,421,AZEX91780198742432,Savings,Inactive,2015-02-07,2020-06-26
422,422,BGSG57292914086093,Savings,Inactive,2015-09-07,2016-10-06
423,423,QKFX55933798399955,Checking,Active,2023-01-10,2023-11-09
424,424,OPPW80839564759056,Savings,Inactive,1992-11-14,2016-07-02
425,425,VZES97050082390631,Savings,Active,2023-07-07,2023-12-26
426,426,HFRJ01732056771710,Savings,Inactive,2016-02-07,2017-02-22
427,427,MBHT62756603766973,Savings,Active,2019-06-25,2024-03-24
428,428,PEXY72613834109268,Savings,Inactive,1997-09-24,2023-05-14
429,429,OLNI24819126331211,Savings,Inactive,1990-09-28,2010-11-30
430,430,VVLZ09787163271038,Savings,Inactive,2016-03-17,2017-05-29
431,431,IPEC05547255571058,Savings,Inactive,2023-11-29,2024-04-16
432,432,RAFN27655058349507,Savings,Inactive,2020-11-30,2021-06-07
433,433,ARCJ09043902124122,Savings,Closed,2015-03-09,2023-06-28
434,434,PWHV20328712326730,Checking,Inactive,2021-02-11,2021-09-26
435,435,TNHU94353025280850,Savings,Closed,2017-08-21,2019-06-30
436,436,REIF75853936914499,Savings,Inactive,2024-06-07,2024-07-21
437,437,YNSU04469686599141,Savings,Inactive,2013-03-01,2013-10-10
438,438,JQBW61834520503760,Savings,Inactive,2014-07-13,2015-11-27
439,439,XBOD88844755599694,Savings,Active,2013-07-10,2022-02-20
440,440,OWAZ76162955326377,Savings,Inactive,2013-01-31,2021-09-10
441,441,CQFT66012931132802,Savings,Active,2017-06-25,2023-02-21
442,442,KTQF97517210161320,Checking,Inactive,2019-03-02,2021-07-20
443,443,GXPG14429162007325,Checking,Inactive,2017-01-19,2021-10-09
444,444,WNWZ46223872623113,Savings,Inactive,2018-11-16,2022-01-19
445,445,ZNKZ35027522647853,Checking,Inactive,2022-09-27,2024-07-01
446,446,OXJR19342468592641,Checking,Closed,1982-09-14,2022-03-15
447,447,NXWW43354984034646,Savings,Inactive,2004-01-30,2011-10-22
448,448,QLHK39954677125323,Checking,Inactive,2018-02-02,2020-07-31
449,449,JUQK24342199008651,Savings,Inactive,2014-09-13,2014-12-17
450,450,CUBI76795492200078,Savings,Inactive,1988-11-04,2020-05-17
451,451,VLUB25098244920429,Savings,Inactive,2004-09-19,2007-01-01
452,452,KBNZ68004813109610,Savings,Active,2019-08-24,2020-08-31
453,453,AAYJ78501033753217,Savings,Active,2022-11-09,2024-07-17
454,454,UVNJ18578125333220,Savings,Active,2018-05-28,2023-12-01
455,455,BWXQ02762153787420,Savings,Active,2024-05-25,2024-07-20
456,456,HYMB92629952706502,Savings,Closed,2011-02-03,2015-09-01
457,457,LEGH42131929159582,Checking,Inactive,2010-11-18,2012-11-05
458,458,SKFG51808320355253,Savings,Active,2020-10-08,2023-11-16
459,459,FKEK63162794869389,Savings,Inactive,1992-09-01,1996-03-13
460,460,PPXZ63152393939146,Checking,Active,2021-03-07,2023-02-06
461,461,IAFU14953664145515,Checking,Inactive,2021-03-26,2022-11-20
462,462,QVPN41190627176551,Checking,Inactive,2019-09-05,2023-12-29
463,463,YQYS55992121406055,Checking,Inactive,2007-02-10,2018-08-20
464,464,KOWO02822715014395,Savings,Active,2024-02-24,2024-03-04
465,465,YZLI60602065237389,Savings,Inactive,2024-05-12,2024-07-03
466,466,PIOF92039463662383,Checking,Active,2015-03-31,2023-10-14
467,467,RFOG16005748133180,Checking,Inactive,2010-04-03,2021-02-14
468,468,BCTX00664144248969,Checking,Inactive,1998-10-02,2018-04-05
469,469,PRKK53857479310484,Savings,Inactive,2017-04-15,2019-01-05
470,470,BMGD84149380442328,Checking,Closed,2019-06-18,2021-09-03
471,471,GJXT07483783745969,Checking,Active,2015-09-29,2024-05-06
472,472,SDEW30767840034324,Savings,Active,2022-08-07,2024-04-13
473,473,SMIW65672099049657,Savings,Closed,2010-09-12,2017-07-07
474,474,VHZD83290074494161,Savings,Inactive,2013-03-17,2017-01-07
475,475,MJZI08671355177623,Savings,Inactive,1998-07-12,2018-04-21
476,476,SXTR72394736438706,Savings,Inactive,2004-03-25,2011-08-30
477,477,LBKM05999225750849,Savings,Inactive,1998-06-01,2013-08-12
478,478,RYGL95162343264179,Checking,Inactive,2014-05-14,2019-12-10
479,479,YFUQ91450092837616,Checking,Active,2021-02-18,2022-02-15
480,480,YMIR01747500006478,Savings,Inactive,2010-02-28,2014-03-05
481,481,ECRI73720252443880,Checking,Active,2021-04-07,2023-09-19
482,482,DLVZ77642640525472,Savings,Closed,1992-09-09,2010-06-29
483,483,LOPO13429950780678,Savings,Inactive,2007-01-21,2007-11-27
484,484,AZCR45527938464030,Checking,Active,2020-08-22,2021-03-28
485,485,WXKM72627490886146,Checking,Active,2017-06-10,2020-08-11
486,486,REHJ97445936666220,Savings,Inactive,2015-06-03,2019-10-22
487,487,YZLO27502748247800,Checking,Inactive,2007-08-25,2015-02-02
488,488,UYAK21463051855126,Checking,Inactive,1981-02-11,2015-06-10
489,489,OJQN32928221103841,Checking,Active,2023-09-02,2023-12-23
490,490,HYQX52001632384368,Savings,Inactive,2023-09-06,2024-02-11
491,491,WRGE64870290486712,Savings,Inactive,2013-06-15,2023-04-12
492,492,RHHH86728467568920,Checking,Inactive,2014-03-14,2023-02-09
493,493,MFRE41696894865887,Savings,Active,2016-02-25,2019-06-15
494,494,UXUY89454250405397,Savings,Inactive,2013-12-14,2020-12-15
495,495,BBUA93007811581702,Savings,Inactive,2019-05-14,2024-03-25
496,496,DBCD90740376350890,Savings,Inactive,2001-02-03,2007-05-04
497,497,UOBS71338046879519,Checking,Active,2020-02-14,2020-11-16
498,498,AFCN88147526839985,Checking,Inactive,1995-10-31,1998-10-05
499,499,ULNJ64195668385769,Checking,Closed,2021-02-05,2022-03-25
500,500,ZLGQ72169858040186,Savings,Inactive,2004-01-17,2013-10-01
501,501,JESH79118035963294,Savings,Active,2024-04-08,2024-07-27
502,502,VGYA81320935135983,Savings,Inactive,2004-12-16,2008-09-22
503,503,APEF43753518518681,Checking,Active,2024-04-24,2024-06-10
504,504,DTZH11588162533983,Savings,Active,2024-03-31,2024-05-03
505,505,PQTY47404478177444,Checking,Active,2017-09-19,2018-02-09
506,506,ANNF64185038094645,Checking,Closed,2017-10-23,2018-11-13
507,507,ORNQ08662793819844,Savings,Active,2021-08-08,2023-09-08
508,508,CPNS46470814982791,Savings,Inactive,1999-09-26,2024-04-02
509,509,BGJD97366944468705,Checking,Inactive,2005-07-06,2018-03-16
510,510,LCBU14068296563930,Checking,Closed,2009-10-06,2018-11-06
511,511,VHJW66559917296144,Checking,Active,2020-10-17,2022-05-20
512,512,FJIE34603988036328,Savings,Inactive,1995-03-03,1996-02-09
513,513,FDOE36065405646204,Checking,Active,2019-05-21,2023-07-15
514,514,EBRN67882845835658,Savings,Inactive,2009-08-01,2012-08-26
515,515,MABW74539036527776,Savings,Active,2019-04-15,2023-05-28
516,516,YSBC85111099371036,Savings,Active,2019-01-17,2024-06-17
517,517,IKRV60625425919273,Savings,Inactive,2022-04-10,2022-05-21
518,518,GFLD33372799600331,Savings,Inactive,1998-12-24,2013-06-28
519,519,JMLI11474015731715,Checking,Inactive,2010-12-09,2022-03-10
520,520,LGVU92666276404666,Savings,Inactive,1997-04-05,2008-07-13
521,521,AKQO11335191550566,Checking,Active,2022-02-24,2023-11-18
522,522,FEPW14326857414862,Checking,Closed,2018-08-18,2023-02-08
523,523,TJRS59335341453614,Savings,Inactive,1994-06-05,2011-10-28
524,524,QKJN95112562844453,Savings,Inactive,2023-12-18,2024-03-11
525,525,QCJG06153041258753,Savings,Inactive,1973-06-29,2011-04-10
526,526,PBGR78638682661678,Checking,Inactive,2010-10-15,2014-05-11
527,527,BYJA69372291173926,Checking,Closed,2001-11-30,2013-12-02
528,528,TNRQ42254718574098,Savings,Inactive,2023-10-27,2024-05-27
529,529,VEAV53958720612867,Checking,Closed,2023-07-05,2023-10-29
530,530,OJUJ91067853359010,Savings,Closed,1971-08-13,1987-09-10
531,531,ZPHB37166111041360,Checking,Inactive,2011-01-23,2022-10-22
532,532,ILZQ77425087365394,Checking,Inactive,2006-06-20,2010-12-08
533,533,POWM02105860602584,Savings,Inactive,1999-08-18,2002-12-11
534,534,RFWM02350551437039,Savings,Inactive,2020-12-16,2021-03-13
535,535,PICE99291036883864,Savings,Inactive,2017-09-27,2024-07-17
536,536,KHHX20496467748518,Savings,Inactive,2013-07-22,2018-02-02
537,537,EEQG86590916798574,Checking,Active,2023-09-10,2023-12-20
538,538,IKET19598513004276,Checking,Inactive,2014-10-01,2020-11-02
539,539,JXJA26273791329932,Checking,Inactive,1971-08-17,2012-05-05
540,540,UDBZ35868567767110,Checking,Inactive,1998-05-27,2013-06-01
541,541,OVND44871168898475,Checking,Inactive,1995-11-06,2001-02-04
542,542,DBHH71773100016715,Savings,Inactive,2015-11-02,2019-11-30
543,543,BOZM52612531664022,Checking,Inactive,2022-10-31,2023-06-21
544,544,JZMS02053292333189,Checking,Inactive,2022-03-25,2024-01-05
545,545,JGJB28006738139409,Checking,Inactive,2015-04-04,2022-05-03
546,546,TCTN10668659005069,Savings,Inactive,2019-10-06,2023-02-15
547,547,BTPT97873412001762,Checking,Inactive,2008-01-03,2012-03-23
548,548,AONR76217602038163,Savings,Inactive,2023-03-10,2024-04-14
549,549,FKBO85960516571691,Checking,Inactive,2017-05-15,2021-08-23
550,550,UWAU19227792283366,Checking,Active,2024-05-15,2024-08-05
551,551,OWUW55913586034144,Checking,Active,2024-03-14,2024-04-23
552,552,RWFX79632271695133,Savings,Active,2018-01-15,2020-02-10
553,553,DFVT62142733838334,Savings,Active,2015-02-18,2017-02-09
554,554,YVUQ27591697690660,Savings,Active,2023-08-14,2024-07-09
555,555,VWAP86888587541217,Savings,Inactive,1983-04-28,2002-05-10
556,556,DISW86781251641237,Savings,Active,2021-11-24,2023-08-05
557,557,OBVR81379024225884,Savings,Active,2019-11-28,2021-07-03
558,558,TRQZ26721264981419,Checking,Inactive,1979-07-13,2024-05-19
559,559,SGEP96826570988166,Savings,Inactive,2010-08-01,2021-11-04
560,560,JDJL92122043286326,Checking,Inactive,2023-07-05,2024-06-04
561,561,XGHZ89861020227848,Savings,Inactive,2016-03-15,2016-06-11
562,562,AIUW24672759864562,Checking,Inactive,2017-06-25,2020-08-07
563,563,OOBH39246532860687,Checking,Inactive,2009-04-29,2020-05-18
564,564,RVRL83581862260422,Savings,Inactive,2005-11-24,2017-11-11
565,565,MQPF42420423839257,Savings,Inactive,2004-08-31,2014-08-23
566,566,MYNS25534163383674,Savings,Inactive,2006-10-30,2017-06-24
567,567,JNGK16758971708450,Checking,Active,2012-09-11,2013-04-03
568,568,TSCH34596982577896,Savings,Inactive,2008-08-11,2018-04-07
569,569,RCKM63933187075588,Savings,Inactive,2008-05-10,2021-12-15
570,570,CSDZ08168389325029,Savings,Active,2021-02-19,2023-12-04
571,571,TRHR18257757962707,Checking,Inactive,1980-07-30,2011-09-29
572,572,LHDH72635247154488,Savings,Inactive,1953-02-10,1975-10-02
573,573,ATSS67768026096821,Checking,Active,2023-04-14,2024-04-18
574,574,YMSE85778573437818,Savings,Active,2018-11-25,2019-05-27
575,575,EDQQ87155469439022,Checking,Inactive,2017-08-17,2022-01-16
576,576,XGAG56082705741295,Savings,Inactive,2019-03-04,2022-07-04
577,577,CFSF68984419424395,Savings,Inactive,1997-07-01,2020-02-07
578,578,YFNV00242181888897,Savings,Inactive,1982-08-21,1997-11-19
579,579,LDWT45621974251966,Savings,Inactive,2021-05-12,2024-01-01
580,580,JYYA82543258475204,Checking,Active,2024-06-15,2024-06-23
581,581,GVUM26475254373282,Savings,Inactive,2022-04-06,2023-11-03
582,582,VPWH61480272756749,Savings,Active,2023-12-02,2024-07-24
583,583,PUPZ71849801105162,Savings,Inactive,2012-01-01,2020-04-24
584,584,TASF06591893344747,Checking,Inactive,2021-06-15,2022-01-07
585,585,CEKS92924722660474,Checking,Inactive,2011-12-31,2018-11-29
586,586,KCYP11300150423249,Checking,Inactive,2022-10-12,2022-10-19
587,587,UQRZ72576308427845,Checking,Active,2018-12-28,2023-07-12
588,588,BIDF96048449178641,Checking,Active,2020-11-29,2022-05-29
589,589,GPRC02099047886179,Checking,Active,2012-01-26,2023-02-14
590,590,NMRV69550792247117,Savings,Active,2022-02-13,2024-05-22
591,591,ZYZB45930907047978,Savings,Inactive,1980-10-20,2015-05-21
592,592,WZWM10080278531846,Savings,Active,2012-09-06,2015-10-02
593,593,LXKY26090858889129,Savings,Active,2020-06-25,2023-01-02
594,594,XAIW34974397298920,Checking,Inactive,2017-06-07,2018-11-11
595,595,THZG45575349542744,Savings,Inactive,2022-10-20,2024-03-12
596,596,EONC77626797982500,Checking,Active,2021-04-01,2023-09-28
597,597,XDHT62604482544548,Savings,Active,2023-07-14,2024-06-16
598,598,JMFT02875848215066,Checking,Closed,2007-12-02,2015-11-28
599,599,QUBG66349971023821,Savings,Inactive,2011-05-26,2013-12-02
600,600,QHCX12671330042352,Savings,Inactive,1963-08-17,1991-05-29
601,601,WCUV10691320334570,Savings,Inactive,2009-11-26,2009-12-08
602,602,GIYE39950392755517,Savings,Inactive,2023-12-14,2024-05-25
603,603,ZLUJ83112027709335,Savings,Active,2017-09-08,2019-06-21
604,604,IQRL33298146695433,Checking,Inactive,2012-05-29,2024-02-25
605,605,TRLM02817198474957,Savings,Inactive,2008-06-24,2010-11-07
606,606,LWFG58469869513079,Savings,Inactive,2006-05-31,2015-03-08
607,607,QPKJ71351187594311,Savings,Closed,2019-05-23,2023-05-09
608,608,ENBK28485456057279,Checking,Inactive,2016-08-29,2018-05-10
609,609,BSYR13669034105192,Checking,Inactive,1989-03-29,2016-06-28
610,610,RWMB41335647078192,Savings,Inactive,2009-07-05,2022-06-11
611,611,QVJU76009887857669,Checking,Inactive,2019-03-21,2023-05-30
612,612,HQQL19890913056494,Checking,Inactive,2016-08-26,2021-03-03
613,613,EWHJ34846586741768,Savings,Inactive,2003-06-12,2019-03-16
614,614,STPO17470789345300,Checking,Inactive,1980-05-03,1988-03-02
615,615,YDMF62046050733543,Checking,Inactive,1996-10-17,2004-09-28
616,616,YHFN75822262105512,Savings,Inactive,2019-06-12,2019-12-04
617,617,OYDT41318930702801,Checking,Inactive,1993-05-29,2009-06-12
618,618,VQDH49367624232011,Savings,Active,2011-12-15,2013-12-27
619,619,GNMJ23556064971717,Checking,Inactive,1982-03-22,2017-08-07
620,620,NPAG93689924507592,Savings,Inactive,1979-12-21,1982-06-29
621,621,RNUB80258544154042,Checking,Inactive,2007-01-28,2012-02-23
622,622,CWOR15030911504034,Savings,Inactive,2005-03-25,2022-05-19
623,623,PGPG91638325477283,Savings,Inactive,1998-12-08,2009-01-05
624,624,MBXC53884219642832,Checking,Active,2023-11-07,2024-03-07
625,625,DQAA04297009574593,Checking,Inactive,2007-09-23,2018-11-11
626,626,CDST44349682014296,Checking,Closed,2018-06-02,2023-10-24
627,627,ZUKX35821534036919,Checking,Active,2016-08-13,2019-08-23
628,628,NQAM27396310445681,Checking,Active,2016-12-02,2024-08-05
629,629,FTZR13525632930917,Savings,Inactive,2020-12-04,2022-01-08
630,630,EMNX01233645156901,Savings,Active,2017-12-09,2019-03-05
631,631,BMHA04936224936590,Savings,Closed,2014-09-02,2015-03-19
632,632,DIBY55471941111581,Checking,Active,2022-08-14,2024-03-10
633,633,SRTP08955215818953,Checking,Active,2021-09-22,2023-10-31
634,634,HIQZ96564295780658,Savings,Closed,2019-02-05,2023-07-24
635,635,NIOG76720328823175,Savings,Inactive,1995-01-30,2017-04-03
636,636,BOMY95138417262790,Checking,Inactive,2001-03-28,2002-05-28
637,637,HMYY53854835459819,Savings,Inactive,2018-11-03,2020-05-28
638,638,VVZP02499885248573,Checking,Inactive,2024-02-07,2024-02-11
639,639,GXTU06365922818348,Savings,Closed,2012-08-28,2015-02-10
640,640,FWDC65168182723266,Checking,Inactive,1997-02-03,2005-10-14
641,641,LFBE82119883597418,Checking,Inactive,2020-10-02,2022-01-15
642,642,XUTM73224503486035,Checking,Closed,2023-11-28,2024-02-28
643,643,AXOM47083671922717,Checking,Closed,2015-08-19,2021-07-29
644,644,YPZJ98742103068280,Savings,Inactive,1997-03-11,2015-12-22
645,645,AOTQ13762663946101,Checking,Inactive,1985-08-15,2012-05-15
646,646,ATQL78170346432775,Checking,Inactive,2005-04-28,2015-04-29
647,647,OTLY72935018076116,Savings,Inactive,2017-12-19,2020-03-21
648,648,AOTK43712690701491,Checking,Inactive,1999-03-03,2013-05-12
649,649,UMTV34158183417203,Checking,Active,2023-04-10,2024-05-11
650,650,VKLG72485788560735,Savings,Inactive,2015-08-30,2020-04-18
651,651,WMLJ55406776905979,Checking,Inactive,2021-02-16,2024-01-09
652,652,WYVG23968963900674,Savings,Inactive,2014-09-28,2020-09-24
653,653,SPAS47162403809583,Checking,Inactive,2016-02-08,2020-08-18
654,654,FUTG50902966775855,Checking,Active,2013-07-31,2023-12-29
655,655,BCLP92622281459511,Checking,Inactive,2021-04-24,2023-12-06
656,656,ACZA22629080833774,Checking,Active,2017-06-02,2018-11-15
657,657,RKVU09250012008439,Checking,Active,2022-05-06,2022-11-16
658,658,UAAC99931568341168,Savings,Closed,2016-11-26,2019-01-25
659,659,AGWK66816948038987,Checking,Inactive,2010-01-06,2021-04-15
660,660,OJGW86933199393987,Savings,Inactive,2004-06-07,2023-08-09
661,661,XKRI51475234227297,Checking,Inactive,2015-05-11,2020-10-02
662,662,VKWR00291767864090,Savings,Closed,2024-04-27,2024-05-20
663,663,ZATF37011648921574,Checking,Closed,2001-08-14,2003-05-02
664,664,XBBE72803755153410,Savings,Closed,2007-11-11,2024-01-26
665,665,IARX87820004685280,Savings,Active,2012-12-17,2016-01-16
666,666,LXLC68344643635669,Savings,Inactive,2014-12-07,2018-12-16
667,667,EPRF02917279184348,Savings,Inactive,2003-08-12,2014-07-25
668,668,YPJA51405023585489,Savings,Inactive,2013-12-22,2019-10-31
669,669,YVDE94194153416485,Savings,Inactive,1988-11-07,2015-08-22
670,670,LPMM76636824993388,Savings,Inactive,2017-10-24,2018-11-18
671,671,NBOH81145591680087,Checking,Inactive,1994-08-15,1998-11-27
672,672,ZTWY27788161168198,Savings,Closed,2019-04-23,2023-04-30
673,673,RJBV92603149783382,Savings,Inactive,2007-04-22,2013-04-06
674,674,YWHY85994230164902,Savings,Inactive,2023-12-17,2024-01-29
675,675,GBMI84708494709044,Savings,Active,2010-10-05,2023-01-04
676,676,XGEF84526905438117,Savings,Inactive,2016-12-29,2017-02-14
677,677,ZTBB37173138146739,Checking,Closed,2018-08-21,2021-06-02
678,678,QZOP16363330221472,Savings,Inactive,2006-11-12,2020-01-29
679,679,SKBL69458923549950,Savings,Inactive,2022-10-24,2024-07-07
680,680,NISE92672446397053,Savings,Inactive,1990-07-10,2022-07-29
681,681,NXAR48973747586814,Savings,Closed,2022-10-22,2023-01-21
682,682,BECH77173637173570,Checking,Inactive,1978-03-19,1978-10-08
683,683,KOCU84135736777821,Checking,Inactive,2000-07-07,2007-09-05
684,684,KQZM22482389691259,Savings,Inactive,2008-10-04,2021-06-25
685,685,RSHS03850229510151,Savings,Active,2022-07-21,2024-06-29
686,686,TMWT38731224856871,Savings,Active,2023-05-17,2023-10-03
687,687,TWLO76312476233668,Savings,Closed,2003-01-18,2022-04-22
688,688,KLIS90597190754743,Savings,Inactive,2018-02-06,2019-05-07
689,689,DOBU18583052922515,Savings,Inactive,1978-05-14,2007-12-06
690,690,XXMV46535010087037,Savings,Active,2023-03-03,2024-05-31
691,691,QARD72478774814398,Savings,Inactive,1980-06-16,1987-06-03
692,692,JFYZ78581787844900,Checking,Inactive,2020-03-21,2021-03-21
693,693,DIKI74800239732106,Savings,Inactive,2011-07-24,2015-01-27
694,694,WEDX32016683185735,Checking,Inactive,2022-01-28,2023-07-06
695,695,JRYK72052585278988,Checking,Inactive,2011-12-24,2023-12-17
696,696,CPUE68380512601822,Checking,Inactive,2014-10-25,2019-07-11
697,697,PGRV37929209199670,Checking,Inactive,2000-03-10,2016-04-26
698,698,RFPX34415601854839,Savings,Inactive,2008-11-26,2010-10-02
699,699,RZXE09869307083465,Checking,Inactive,1972-07-09,2015-06-09
700,700,IGJO12793393581326,Checking,Active,2020-02-09,2023-10-11
701,701,MZWP63634019092724,Savings,Active,2023-03-19,2024-05-30
702,702,OWWT52794957782805,Savings,Inactive,2012-01-16,2017-09-15
703,703,JYAJ77554564419594,Savings,Inactive,1999-07-14,2001-04-02
704,704,LIGR53071639719380,Checking,Inactive,2021-02-15,2022-05-17
705,705,WQIJ60438727533395,Savings,Inactive,2008-11-04,2019-06-21
706,706,LMJQ46223486752241,Checking,Inactive,1993-11-11,2011-08-09
707,707,LCCB73708038110005,Savings,Closed,2004-03-28,2022-06-10
708,708,OHJB47694855829649,Savings,Inactive,2019-10-12,2022-12-07
709,709,GVDQ54917284206434,Checking,Inactive,1996-05-25,2004-05-03
710,710,QVSY33120967772041,Savings,Inactive,2018-03-03,2019-07-02
711,711,EIGA07991197152964,Checking,Inactive,2007-08-20,2014-05-27
712,712,XVQC73084177222364,Checking,Inactive,2023-05-03,2024-03-16
713,713,KYXB52719440037453,Checking,Closed,2023-01-14,2023-02-11
714,714,CSAC78333813001245,Checking,Closed,1997-02-18,2000-08-13
715,715,CEAD77636469502437,Savings,Inactive,1947-08-29,1984-08-05
716,716,ELWC65962926539412,Savings,Active,2023-11-18,2024-03-24
717,717,UFCJ83222467836814,Checking,Inactive,1996-02-08,2016-05-30
718,718,IXWO04170829481237,Savings,Inactive,2019-03-29,2023-09-10
719,719,JXIA77006445226299,Checking,Active,2023-06-02,2023-08-22
720,720,NKIO32148370390309,Checking,Inactive,2009-10-07,2010-11-07
721,721,AAIW52462311859947,Savings,Inactive,1998-03-27,2009-11-26
722,722,GKYY85449265261466,Savings,Active,2013-07-17,2014-05-13
723,723,ENON24241224759570,Savings,Inactive,2024-04-15,2024-05-09
724,724,DFUC08475913235738,Savings,Inactive,2015-12-02,2018-02-25
725,725,HLSL33589171783626,Savings,Inactive,2002-06-13,2015-03-09
726,726,MWKG80556599886872,Checking,Active,2021-03-14,2024-04-03
727,727,OVGA34259454175853,Savings,Active,2021-01-04,2024-06-27
728,728,HZWO44926763008207,Checking,Inactive,2011-09-23,2023-12-26
729,729,XHPD37171603139599,Savings,Inactive,2020-06-25,2020-07-19
730,730,JJAD38612762736817,Checking,Inactive,1985-10-17,2000-07-15
731,731,EAAY66334197658846,Checking,Inactive,2005-11-29,2013-09-02
732,732,SRRU67589498839500,Savings,Inactive,2008-08-22,2011-12-26
733,733,RYDA08371461807559,Savings,Inactive,2018-08-04,2023-01-30
734,734,MHST10881865827825,Savings,Inactive,2005-12-01,2015-07-29
735,735,JDSL26544466411868,Savings,Active,2020-01-18,2020-01-26
736,736,RBKF48682136825313,Savings,Inactive,2024-04-22,2024-06-29
737,737,BOWZ22036616806379,Checking,Active,2011-05-17,2012-05-09
738,738,KMYO62081500238888,Savings,Inactive,1993-12-12,2011-02-26
739,739,KDTP83318146715891,Savings,Inactive,2003-11-14,2018-06-20
740,740,VRQL67077124803900,Savings,Inactive,2021-10-14,2022-01-05
741,741,RKNN43949015491268,Checking,Inactive,2021-09-09,2022-08-25
742,742,FLPO68081285816532,Checking,Inactive,2003-09-08,2010-11-01
743,743,NAHL20360573877613,Checking,Active,2022-12-14,2024-05-23
744,744,EJYS97477615737025,Savings,Active,2020-10-06,2024-07-24
745,745,FJKX19941945869350,Savings,Inactive,2017-05-05,2024-05-29
746,746,BQUA26589090260273,Savings,Active,2016-01-07,2019-10-23
747,747,DOOQ46001265455152,Savings,Inactive,1987-12-03,1996-10-06
748,748,SHQF66428501411943,Checking,Active,2024-05-30,2024-07-06
749,749,MPTE83071638532446,Checking,Inactive,1999-08-17,2013-04-18
750,750,QKTE76608689290327,Savings,Inactive,2015-04-01,2023-04-30
751,751,AXCD14589698843111,Checking,Active,2020-02-19,2022-04-12
752,752,INCO21605339723208,Checking,Inactive,2014-05-04,2020-09-19
753,753,FTIM99659449395737,Savings,Active,2022-08-17,2024-01-08
754,754,THKJ13408967259358,Savings,Active,2014-07-08,2017-01-02
755,755,CPJX19240288178943,Checking,Inactive,2014-11-09,2021-02-19
756,756,IOFF77905377870324,Checking,Closed,2015-08-30,2023-05-21
757,757,IELY30363949752316,Checking,Inactive,2014-01-02,2021-03-21
758,758,CGBO89168698329395,Savings,Active,2019-07-18,2022-06-02
759,759,KYBB49783982409528,Savings,Inactive,1997-04-25,2000-10-27
760,760,YJUW18248916540108,Savings,Inactive,2001-10-31,2009-03-29
761,761,UUFK06963534288743,Checking,Inactive,2001-11-03,2007-09-22
762,762,JFID10455551886574,Checking,Active,2021-08-07,2024-07-23
763,763,ZDSK62095183748316,Savings,Inactive,2012-05-16,2021-09-14
764,764,WQDD74297352491400,Savings,Active,2023-05-24,2023-11-27
765,765,ZDMJ75035915050212,Checking,Inactive,1996-02-06,2016-01-18
766,766,KKRU33109995209330,Checking,Inactive,1997-11-30,2016-08-10
767,767,KNGQ92665231752447,Savings,Inactive,2011-10-10,2017-05-12
768,768,HPJX73593300979664,Savings,Inactive,1984-05-02,2014-03-20
769,769,MYIC88403552577655,Savings,Active,2018-12-28,2024-07-04
770,770,DVLE66149936273823,Checking,Inactive,1998-03-04,2010-01-19
771,771,HSBR09275141861891,Checking,Active,2013-06-12,2015-08-18
772,772,XOUF82242486422383,Savings,Active,2022-06-03,2022-12-24
773,773,ALED33414972225841,Checking,Closed,2012-09-17,2018-05-08
774,774,MQCZ13610754549086,Checking,Active,2019-01-10,2020-12-19
775,775,DVDB65281592519276,Checking,Inactive,2012-02-21,2024-02-09
776,776,TFXJ08486572473305,Savings,Inactive,2023-03-25,2024-03-09
777,777,YCBJ76639535881468,Savings,Inactive,2017-05-14,2019-08-15
778,778,STLQ89976939584821,Savings,Active,2021-08-23,2022-03-25
779,779,ETIC39584795426087,Savings,Inactive,2010-05-30,2022-10-22
780,780,ETGT35539970596772,Savings,Inactive,2002-05-19,2005-02-10
781,781,MGEK56595753119377,Checking,Active,2015-05-15,2023-08-28
782,782,URJL34340376494218,Savings,Closed,2019-01-13,2024-01-29
783,783,ZQYS12212619465228,Checking,Inactive,2005-06-12,2024-06-26
784,784,CIMG35354406524247,Savings,Inactive,2017-09-01,2020-05-13
785,785,GVTS67004950878748,Savings,Closed,2012-07-05,2020-07-18
786,786,OTJO32886736155976,Checking,Inactive,2022-07-04,2022-10-17
787,787,TLJW42422430571808,Savings,Active,2016-10-24,2023-11-06
788,788,QFIV61506808800078,Savings,Inactive,1995-04-12,2015-12-14
789,789,MZKO29595858378231,Checking,Inactive,1987-05-19,2024-03-24
790,790,QUMM54088121907151,Savings,Inactive,2014-05-05,2017-07-08
791,791,CONB19856774991625,Savings,Active,2015-08-15,2016-05-12
792,792,AVLO11681305456261,Savings,Active,2015-08-08,2024-02-26
793,793,GACO41840475053343,Checking,Inactive,2023-10-15,2024-03-12
794,794,GQKK28060871011420,Checking,Closed,2004-09-15,2018-10-07
795,795,PSWE09953236953998,Checking,Inactive,2008-04-07,2020-05-27
796,796,LVUO89613269618522,Checking,Inactive,2002-09-15,2011-10-09
797,797,WITJ18415682487681,Savings,Inactive,2017-01-28,2021-03-14
798,798,DPBA38454656513683,Checking,Inactive,2016-09-10,2018-07-09
799,799,PXVW63357298468084,Savings,Active,2018-12-28,2020-04-18
800,800,HOXC84621375409639,Savings,Active,2017-10-11,2021-10-17
801,801,EWBT83480936464800,Checking,Active,2020-12-07,2021-10-08
802,802,LNRV25127621595666,Checking,Inactive,1979-05-14,1996-02-18
803,803,QVSH38053880437766,Checking,Inactive,2008-08-12,2023-05-18
804,804,TGSQ43910403093769,Savings,Inactive,2011-06-19,2013-10-08
805,805,LRUT74840936041440,Savings,Inactive,2022-11-27,2023-08-07
806,806,RZRN37598652427851,Checking,Inactive,2016-11-06,2023-02-24
807,807,EKLR44777990598533,Savings,Inactive,2005-08-15,2020-12-11
808,808,XPKO95310626039195,Savings,Inactive,2018-09-21,2024-04-03
809,809,APLZ93219721556141,Savings,Inactive,1997-06-26,2001-07-19
810,810,YBUD38887116071052,Savings,Inactive,2015-11-06,2020-05-17
811,811,XUZI26364808916319,Checking,Closed,2010-01-31,2015-01-05
812,812,ASFF72198077561550,Checking,Inactive,2018-06-25,2021-05-26
813,813,QAQE52809290038993,Checking,Inactive,2017-11-20,2018-08-18
814,814,HPSV12847217026429,Savings,Active,2023-10-20,2023-12-24
815,815,XNLL36787854229688,Checking,Closed,2013-08-16,2024-02-07
816,816,IUIE59326006309428,Savings,Inactive,1992-09-19,2007-09-25
817,817,IJUW18424711115164,Savings,Inactive,1982-02-08,2014-12-19
818,818,SPPT23454069216427,Checking,Closed,2013-11-13,2017-10-28
819,819,AGPS21443735361726,Checking,Active,2019-06-29,2024-08-04
820,820,WNZK03174890752806,Savings,Inactive,1991-01-09,1991-10-21
821,821,TKZZ22879977015582,Savings,Inactive,2000-05-09,2024-07-03
822,822,NGMV42378672957939,Savings,Inactive,2012-07-14,2013-01-10
823,823,NCNL27925490390919,Savings,Inactive,1973-04-09,2001-06-18
824,824,NKJY73675167180953,Savings,Closed,2022-04-23,2022-08-29
825,825,FQRE83187733429034,Checking,Inactive,2018-08-07,2021-11-14
826,826,ZUTQ57292388414185,Savings,Active,2019-01-04,2021-01-13
827,827,YJNQ91282367967017,Savings,Active,2013-05-24,2021-12-16
828,828,CGCZ29935787157818,Checking,Inactive,2005-05-16,2019-10-27
829,829,UFEW84215417069732,Savings,Active,2023-08-02,2023-08-12
830,830,FVHH83604758202762,Savings,Inactive,1998-08-14,2015-09-25
831,831,URBG21201180273741,Savings,Inactive,1984-08-27,2004-12-20
832,832,LOAJ77574031551734,Savings,Inactive,2009-01-05,2012-10-01
833,833,QSYR78274370691909,Savings,Inactive,2003-01-24,2004-03-05
834,834,CCMF80925700467880,Savings,Active,2019-07-31,2023-04-28
835,835,GXIA12837666592472,Savings,Inactive,1991-03-01,2002-08-13
836,836,NDHH33941961590744,Savings,Inactive,2017-09-15,2023-09-21
837,837,VHPN72759265333658,Checking,Inactive,2024-03-21,2024-07-26
838,838,GGSA54748154123746,Savings,Inactive,1996-06-07,1998-09-03
839,839,ZMXD56231498245355,Savings,Inactive,2012-09-12,2017-11-26
840,840,MLON07727941215238,Savings,Active,2023-08-22,2024-06-24
841,841,COFO01967572027204,Checking,Active,2019-11-11,2023-12-07
842,842,PEJT68613836423244,Savings,Active,2014-04-02,2021-07-18
843,843,MZNB80436216724954,Checking,Inactive,2014-09-29,2021-08-27
844,844,NNPW88110983184711,Checking,Inactive,2014-10-19,2018-05-16
845,845,MJSJ75778801450885,Savings,Active,2019-11-03,2023-04-06
846,846,RVCY21920178294396,Savings,Inactive,2019-02-04,2021-05-07
847,847,MCQB55881752823905,Savings,Active,2015-02-10,2020-03-31
848,848,VQUY64698107710384,Savings,Inactive,2018-11-13,2023-04-09
849,849,ZLOY88327689393817,Checking,Inactive,1998-09-13,2004-02-16
850,850,FFHO45941386221151,Checking,Inactive,2004-10-24,2010-07-19
851,851,SDTV95216335800158,Savings,Closed,2000-12-23,2021-04-06
852,852,TDUA65079013763542,Savings,Inactive,2008-06-02,2015-05-25
853,853,UYEU35710576067661,Checking,Inactive,2021-11-25,2023-02-14
854,854,XOBO25138771494461,Checking,Closed,2010-01-17,2012-06-23
855,855,BSGC79214590973195,Checking,Active,2022-11-05,2023-10-07
856,856,JRNP57175818035709,Savings,Inactive,2016-11-26,2019-02-08
857,857,SJDU32116478809531,Savings,Inactive,1976-07-14,1978-03-05
858,858,XEOH77902349543182,Savings,Closed,2019-01-20,2019-09-02
859,859,WFZO90974310490175,Checking,Active,2017-01-04,2022-08-12
860,860,FGHV90704922642440,Savings,Closed,1993-04-09,2016-05-10
861,861,FDPI30000721781515,Checking,Active,2021-11-16,2022-06-09
862,862,ZELE98291001556968,Checking,Inactive,1992-05-16,2012-06-01
863,863,MKXD51032234731344,Checking,Inactive,1995-07-25,1996-03-25
864,864,ILIV40911416206287,Checking,Inactive,1991-11-27,2018-12-22
865,865,GLBR58364011814091,Savings,Active,2020-12-28,2021-08-03
866,866,VELM23432923582302,Savings,Inactive,1966-02-26,2000-09-10
867,867,KXXL08454926592165,Checking,Inactive,2016-05-20,2019-07-04
868,868,VGOQ59407460201093,Checking,Inactive,2022-01-29,2024-03-05
869,869,XVEC48957657903002,Savings,Inactive,2001-06-08,2021-10-24
870,870,VYEY66505821478050,Checking,Closed,2013-11-11,2014-10-17
871,871,BKFO25610388459185,Savings,Inactive,1994-03-07,2018-12-22
872,872,ORDT02215266897068,Savings,Inactive,2011-09-02,2019-02-15
873,873,PYLQ14262067013789,Savings,Inactive,1974-05-23,2004-12-31
874,874,PUHL32447645732574,Savings,Active,2020-09-17,2023-05-20
875,875,VXPL96769116203756,Checking,Inactive,2017-02-18,2020-09-17
876,876,YCUP69857234305841,Savings,Closed,2010-04-05,2024-04-25
877,877,INLB66217026672945,Checking,Inactive,1993-11-17,2009-07-14
878,878,DLXC59820335173561,Savings,Inactive,2021-06-26,2022-06-16
879,879,MCPB10535368361472,Savings,Active,2020-04-13,2024-03-05
880,880,SXDL93432607157351,Savings,Closed,2024-03-18,2024-04-27
881,881,CGYA60867373052170,Checking,Inactive,2001-08-16,2006-09-18
882,882,XKOY07581252016812,Checking,Inactive,2007-11-05,2017-10-29
883,883,MBTD75047200769430,Checking,Active,2020-07-17,2023-11-25
884,884,LCAZ32781589486357,Savings,Closed,1984-08-06,2015-01-07
885,885,LZUR14814009726534,Checking,Active,2023-09-15,2024-01-01
886,886,QIUW78342675272677,Checking,Active,2019-01-27,2022-12-21
887,887,KVKT14242055327501,Savings,Inactive,2005-06-30,2006-09-29
888,888,FMYT30202148885697,Savings,Inactive,2013-07-06,2013-08-17
889,889,SSFX04147714025467,Savings,Inactive,2021-02-06,2024-05-10
890,890,OACK98776409893816,Savings,Active,2020-11-23,2023-08-06
891,891,EMKT96420157054776,Savings,Active,2021-03-08,2022-06-24
892,892,YGIJ50135024200050,Savings,Active,2014-08-01,2019-07-17
893,893,CAKP45512868051794,Savings,Inactive,2018-04-29,2022-08-13
894,894,OOMT48001647910100,Checking,Active,2010-06-25,2015-01-12
895,895,TJEE17472878115519,Savings,Inactive,2004-06-01,2009-11-19
896,896,WPUH63843988463271,Savings,Inactive,2023-07-29,2024-01-05
897,897,SJXE14873510855657,Savings,Active,2019-10-09,2022-12-23
898,898,LJGZ15013372550427,Savings,Active,2022-07-19,2023-01-19
899,899,MFUT68701764646600,Checking,Inactive,2006-09-24,2014-10-26
900,900,IBQU32116371923600,Checking,Active,2021-08-29,2023-07-29
901,901,SJRY87283989442752,Savings,Inactive,2012-08-23,2012-10-06
902,902,IULG74434381327232,Savings,Closed,2009-09-11,2011-12-11
903,903,WBHO78770123521603,Checking,Inactive,1989-02-13,2003-12-05
904,904,IFIP35719543505900,Checking,Closed,2002-01-24,2003-12-06
905,905,UPPP92334522132427,Savings,Active,2021-12-09,2024-08-03
906,906,EUEK08631650399917,Savings,Active,2021-12-14,2022-05-17
907,907,THZZ35978208958823,Savings,Active,2019-03-27,2019-05-04
908,908,DXMV60578521868648,Checking,Inactive,2014-12-31,2021-04-26
909,909,BGOW43140418054372,Savings,Inactive,1986-06-11,1986-11-21
910,910,OGVU90474488196191,Savings,Active,2021-02-10,2023-01-12
911,911,EMKT80811260306182,Savings,Inactive,1968-05-20,2001-08-30
912,912,EAPU03857815466499,Checking,Active,2018-06-25,2022-07-12
913,913,AJDJ21745304014754,Savings,Active,2023-10-13,2023-12-28
914,914,PAZI89233723676523,Savings,Inactive,2014-02-26,2020-11-19
915,915,MVQG91155106706188,Checking,Active,2015-07-14,2024-04-27
916,916,VEVN78724094686814,Savings,Inactive,2020-04-28,2023-08-04
917,917,QZQK26026750682197,Savings,Active,2019-06-26,2022-12-09
918,918,CVSQ59802136791587,Savings,Inactive,2001-11-18,2013-08-24
919,919,QOYO03837574807471,Savings,Inactive,2012-10-17,2020-11-16
920,920,TZZV51237689616743,Checking,Inactive,2002-11-21,2022-01-29
921,921,DAUV28009670033472,Savings,Inactive,2012-01-12,2013-11-04
922,922,FBSW89779100321686,Savings,Active,2023-06-11,2024-05-15
923,923,HEGI43358944294663,Savings,Active,2020-06-10,2021-08-07
924,924,WAWY63646216153291,Savings,Inactive,2008-03-15,2021-07-15
925,925,QXNL29468319084546,Savings,Inactive,1985-09-01,2017-03-19
926,926,RGVW10484702890773,Savings,Inactive,1976-01-18,1988-04-16
927,927,FNGD76601491202269,Checking,Inactive,2017-01-30,2023-06-12
928,928,LDPI07265104875576,Checking,Inactive,1994-08-29,1996-12-31
929,929,QOVB59795744310908,Savings,Active,2022-05-13,2024-04-18
930,930,VJIC19903762705159,Savings,Closed,2018-06-05,2020-12-30
931,931,MSIQ48796533461378,Savings,Closed,2021-04-19,2024-01-25
932,932,ETEV38287151674506,Savings,Inactive,2024-03-01,2024-06-12
933,933,TXYW13515921811905,Savings,Inactive,2017-03-08,2020-10-10
934,934,HIPV12430410321476,Savings,Active,2022-11-11,2023-04-22
935,935,TKSY65134307101234,Savings,Closed,2010-09-09,2013-07-05
936,936,HHAP32744796389190,Checking,Inactive,2014-11-30,2020-01-17
937,937,AWST02525466441979,Savings,Inactive,2019-06-18,2024-04-22
938,938,VQNG10385032691959,Savings,Inactive,2023-05-19,2023-10-25
939,939,PGJT69735665197145,Savings,Inactive,2009-04-04,2012-05-03
940,940,ABJI04072875473406,Checking,Closed,2022-09-03,2023-06-23
941,941,DLCM59756273016623,Checking,Inactive,1988-02-02,1998-04-02
942,942,NEUC11595775262170,Checking,Active,2013-08-20,2022-07-24
943,943,GCEE30523449285735,Checking,Inactive,2019-02-06,2020-07-09
944,944,UBWF58452283003633,Savings,Active,2015-09-10,2021-11-25
945,945,JZGB97328189358666,Savings,Inactive,2020-06-22,2022-08-30
946,946,PKCS21139276408191,Checking,Active,2024-06-07,2024-08-06
947,947,MGJC25174558353506,Checking,Inactive,2023-04-27,2024-07-27
948,948,EFXT44731511113454,Checking,Active,2019-10-13,2023-03-20
949,949,YMYL88424116192728,Checking,Inactive,2018-02-02,2022-07-13
950,950,LPZW16185252239524,Checking,Inactive,1998-01-17,2011-12-08
951,951,IMYX94967306883122,Savings,Inactive,2021-04-15,2024-01-31
952,952,XSHB56799135853358,Savings,Inactive,2003-02-17,2016-07-21
953,953,EWKK97294676459027,Checking,Inactive,1991-10-28,2000-11-19
954,954,GOKY95758463115602,Savings,Closed,2008-12-21,2019-03-14
955,955,QFRJ56959020423440,Savings,Inactive,2022-08-18,2023-10-11
956,956,KHYJ98285084700459,Savings,Active,2023-04-29,2024-07-14
957,957,HJZC09306215583025,Savings,Inactive,2016-04-01,2018-01-28
958,958,MFBN96400186951955,Savings,Active,2013-11-19,2015-05-07
959,959,LMPG35511072002951,Savings,Active,2023-09-20,2024-07-11
960,960,NFNA93902647511580,Savings,Closed,2023-01-20,2023-05-07
961,961,SUJR75411612079325,Savings,Inactive,1990-11-29,2016-09-10
962,962,RKZD61773389475983,Savings,Inactive,2016-04-05,2019-05-22
963,963,PNBD26171130312215,Savings,Active,2024-06-06,2024-06-12
964,964,RHJB15878212983647,Savings,Inactive,2020-09-24,2024-01-27
965,965,JHJU18598211538002,Checking,Closed,1961-12-27,1971-08-25
966,966,APOK25882416181060,Savings,Inactive,2008-01-04,2009-04-11
967,967,VPTD36894041985566,Checking,Inactive,2018-05-24,2023-10-27
968,968,BQBP38242988603790,Savings,Inactive,2012-05-21,2017-07-09
969,969,BURW41902178319817,Savings,Inactive,2013-01-12,2014-11-28
970,970,AGVO24243267094340,Savings,Inactive,2022-08-18,2024-02-27
971,971,UVWO74639015943151,Savings,Inactive,2012-11-20,2016-04-03
972,972,TTXQ76139277187618,Checking,Inactive,2010-12-05,2019-02-11
973,973,VRTH51322894027378,Savings,Closed,1994-01-31,2009-02-07
974,974,MGAS84207863941981,Savings,Closed,2021-08-01,2023-10-27
975,975,JJFC25471583402844,Savings,Active,2022-11-16,2023-03-09
976,976,EMIT95579271106385,Savings,Inactive,2007-05-09,2012-02-02
977,977,OFEA00152644440696,Savings,Inactive,2014-10-20,2016-06-02
978,978,JVUY49133849391217,Checking,Inactive,2008-12-06,2009-08-30
979,979,BPBN64674117686367,Savings,Inactive,2017-10-29,2022-06-11
980,980,YUAJ32660625450978,Savings,Active,2022-12-07,2024-02-01
981,981,JTMO92076800966793,Checking,Inactive,2016-02-02,2024-03-23
982,982,SGLB85276215039033,Checking,Inactive,2023-02-21,2023-10-20
983,983,NYPL25231300071467,Savings,Inactive,2021-09-25,2022-09-10
984,984,VUWX84719366667527,Savings,Inactive,2006-05-18,2016-02-20
985,985,VQHF91214402000240,Savings,Inactive,2016-10-16,2022-08-25
986,986,VCHZ38539770814491,Checking,Inactive,2002-10-14,2007-08-11
987,987,DLQW51590155023539,Checking,Inactive,2024-01-27,2024-08-06
988,988,GSQS70095384188217,Checking,Closed,2020-02-17,2023-09-08
989,989,YQNJ92805767595957,Savings,Inactive,1973-11-20,2019-07-31
990,990,YJCJ50982676639528,Savings,Closed,2006-03-26,2018-12-05
991,991,RDVI74030852972881,Savings,Inactive,2018-11-11,2020-01-28
992,992,YGQA02682259000546,Savings,Active,2017-01-27,2017-06-29
993,993,QZLR89720564953176,Savings,Closed,1981-01-12,2008-11-28
994,994,DMWG58324536412714,Checking,Active,2011-11-21,2017-04-13
995,995,QCDO27347962618063,Savings,Inactive,1999-03-08,2002-02-03
996,996,TNVS68712436376123,Savings,Active,2014-03-05,2024-05-03
997,997,JEUE95104994073792,Savings,Active,2023-08-25,2023-11-03
998,998,ZCNL04782221461422,Savings,Active,2017-09-22,2022-12-20
999,999,TRPR65947725191894,Checking,Inactive,2018-09-16,2023-06-19
1000,1000,ZUEJ90779722841261,Savings,Inactive,1977-03-06,1985-11-27
1001,456,WNHA38477306176041,Savings,Closed,2013-05-19,2023-06-15
1002,873,WTUT38870229095489,Checking,Inactive,2017-02-04,2020-01-12
1003,730,JXFN72694461155652,Savings,Inactive,2006-02-07,2021-02-09
1004,162,NVYR29040731152058,Savings,Inactive,2022-10-25,2023-12-12
1005,841,MSWV80601571490311,Checking,Active,2020-10-19,2021-07-14
1006,346,BQVX80455683792043,Checking,Inactive,2020-05-10,2021-09-02
1007,141,JNFY70624549511746,Savings,Inactive,2020-03-13,2021-09-30
1008,842,JZED79170773435795,Savings,Active,2024-03-16,2024-05-09
1009,878,NEPJ52166873330575,Savings,Active,2023-04-02,2023-04-14
1010,539,BSWR29541637449646,Checking,Inactive,1973-11-23,2023-02-03
1011,959,KOKI64158110308445,Checking,Active,2023-10-18,2024-05-13
1012,724,UOVH94854398367558,Savings,Inactive,2019-08-22,2023-04-01
1013,420,QKXT26339433902563,Savings,Inactive,2013-06-12,2018-03-01
1014,177,ESPV37583398332719,Savings,Inactive,2024-01-07,2024-01-18
1015,991,JLVM41329161475225,Checking,Inactive,2020-03-11,2023-09-02
1016,761,UVDP41890645705017,Checking,Inactive,2006-04-01,2019-02-04
1017,96,VOSJ96138032837654,Savings,Inactive,2024-06-11,2024-07-18
1018,87,LIPC73384754540455,Savings,Active,2024-05-23,2024-06-15
1019,380,BTZJ13004396259815,Savings,Inactive,2010-04-30,2015-07-08
1020,67,QVXK55723578787631,Savings,Inactive,1994-09-08,2012-08-19
1021,278,JMDB90846249599018,Checking,Inactive,2018-08-10,2019-06-13
1022,834,FBXV42233720541911,Savings,Active,2023-06-16,2024-05-18
1023,404,QAEJ91461887901818,Savings,Inactive,2024-04-04,2024-04-23
1024,374,EHTS97884617843959,Checking,Active,2018-06-21,2021-05-05
1025,627,MDNU06991418818296,Checking,Inactive,2017-01-12,2023-03-24
1026,494,GQJG55445719538032,Savings,Inactive,2015-09-11,2023-07-20
1027,977,DAHL82805417280070,Checking,Active,2016-05-11,2016-11-24
1028,761,LSDG12319575945635,Savings,Inactive,2017-01-04,2024-06-24
1029,897,XNFF36479194580197,Checking,Inactive,2022-02-17,2023-01-23
1030,532,PEGQ27070865225092,Savings,Inactive,2011-08-29,2013-02-04
1031,38,PNPX18645196134435,Checking,Closed,2015-10-12,2019-08-04
1032,493,BOIJ97232480796817,Checking,Active,2019-07-24,2020-11-26
1033,458,RRBL51840483221769,Savings,Active,2022-05-30,2023-06-23
1034,976,GYNV85503276072498,Savings,Inactive,2012-01-05,2014-02-25
1035,446,TPRF87999019743627,Checking,Inactive,1993-08-01,2011-11-29
1036,540,UKUV68808337461576,Checking,Inactive,2007-12-14,2017-05-02
1037,611,QQTA87679998139935,Savings,Active,2020-08-04,2022-02-17
1038,898,VNXA63892463646391,Checking,Active,2022-09-25,2024-05-16
1039,2,UBCR85408387523443,Checking,Inactive,2005-10-18,2009-07-14
1040,406,TCDE85849757287149,Savings,Active,2023-03-25,2023-08-08
1041,911,RXVE13515179645322,Checking,Inactive,1986-03-24,1987-05-04
1042,797,VBFE63582597807253,Savings,Inactive,2021-09-28,2024-02-16
1043,114,YPAM91348699064302,Savings,Closed,2023-12-31,2024-04-06
1044,57,XWIR12818179909939,Savings,Closed,2024-06-14,2024-07-20
1045,602,BOHX11640034262330,Checking,Closed,2023-12-24,2024-01-31
1046,437,GBNV66118823766638,Checking,Inactive,2018-06-22,2020-04-24
1047,290,MILU99603777845918,Savings,Closed,2012-07-04,2015-08-22
1048,505,APDR97080326258390,Checking,Active,2023-03-05,2023-11-12
1049,53,SAPH61883654529147,Savings,Inactive,2020-11-19,2022-04-07
1050,80,FSLD67669247535816,Savings,Inactive,2004-09-10,2014-08-08
1051,158,AEDR69260808082937,Savings,Inactive,2014-01-29,2018-05-08
1052,57,VVLW41248141961408,Savings,Inactive,2024-08-03,2024-08-04
1053,525,RVWK77612538601964,Savings,Inactive,1974-04-28,2021-02-13
1054,506,CPHQ87227093969299,Checking,Inactive,2021-04-29,2021-06-21
1055,396,YWHS08580156973406,Savings,Closed,2019-06-09,2022-04-16
1056,299,KNKA74501709323907,Checking,Closed,2008-12-21,2018-09-06
1057,443,EELW72588615784097,Checking,Inactive,2018-11-29,2021-05-02
1058,711,IWSY31700713749329,Savings,Inactive,2019-03-15,2019-09-24
1059,789,YDMP70309479700742,Checking,Inactive,2019-04-27,2024-01-30
1060,155,OCRX02443538904069,Savings,Inactive,2013-03-08,2020-05-25
1061,113,HMXX88672678987891,Checking,Closed,2018-10-14,2022-05-11
1062,769,ZZVK45829881513446,Checking,Inactive,2019-12-18,2023-12-03
1063,173,ERLY37406781830461,Savings,Inactive,2007-03-02,2009-07-29
1064,550,SMGK34501286460269,Savings,Active,2024-06-30,2024-07-16
1065,209,MLMR16269971838586,Savings,Inactive,2022-05-12,2023-11-02
1066,882,THMM74532946969017,Savings,Closed,2023-11-02,2024-02-11
1067,651,EUFU20501415095616,Savings,Inactive,2024-05-17,2024-05-23
1068,801,LAFO55338025686243,Savings,Closed,2023-01-03,2023-09-23
1069,500,ZGID83854926988409,Savings,Inactive,2017-10-04,2020-12-02
1070,821,PDKE49107798466437,Savings,Inactive,2017-02-24,2018-08-13
1071,680,VHFL30355550198774,Checking,Inactive,1995-08-15,1999-12-27
1072,120,CYZL34679258541622,Savings,Inactive,2024-06-24,2024-07-07
1073,772,KURZ09579961988019,Savings,Inactive,2024-03-06,2024-06-04
1074,841,HXAS79136393160729,Checking,Closed,2020-11-11,2023-10-11
1075,960,ABVX99246078026139,Savings,Inactive,2024-03-26,2024-04-23
1076,154,RKGZ97857070372967,Checking,Inactive,2016-11-11,2017-09-10
1077,335,SFFC46840696644820,Savings,Inactive,2023-09-19,2023-12-03
1078,224,VJXL71978376629651,Savings,Active,2024-05-29,2024-06-02
1079,923,TGUY92722881500619,Checking,Active,2021-03-26,2021-09-13
1080,895,ECJK08115233404209,Checking,Inactive,2016-08-31,2020-03-07
1081,539,QPEL35334527144557,Checking,Inactive,2024-02-29,2024-03-11
1082,762,EGJZ70998658284070,Savings,Active,2024-06-11,2024-07-07
1083,99,RXMQ19667457394711,Savings,Active,2022-10-17,2023-08-03
1084,352,MHDU62331795033695,Checking,Active,2024-03-19,2024-06-20
1085,485,SNGE57840361810019,Savings,Active,2018-12-01,2019-04-30
1086,368,ZEGX80825568611230,Savings,Active,2024-03-05,2024-06-27
1087,416,NYDB79892049404819,Checking,Active,2020-03-26,2023-04-27
1088,650,WLJL31975095393709,Savings,Active,2017-07-13,2018-09-08
1089,927,EIFE17186953522677,Savings,Inactive,2020-02-05,2024-05-29
1090,516,NUDU71073848862940,Savings,Active,2019-12-01,2023-12-22
1091,309,MPZQ34453878530889,Checking,Inactive,2022-09-11,2023-10-18
1092,370,ZZDQ21387770606908,Savings,Inactive,2022-10-04,2023-04-21
1093,318,XVDA30743026880269,Checking,Inactive,2021-10-09,2021-12-22
1094,314,CSPB36355538461212,Savings,Active,2022-06-27,2023-04-10
1095,271,BEZK32534837352179,Savings,Inactive,2009-07-01,2010-06-23
1096,819,OYIE14917931254509,Checking,Active,2021-09-20,2024-02-02
1097,294,RCSM51584996733655,Checking,Inactive,2022-07-08,2023-04-29
1098,504,VIOQ03872571279543,Savings,Active,2024-04-12,2024-06-23
1099,65,SZWL82765581837336,Checking,Inactive,2022-03-21,2023-12-08
1100,763,PGAK48200216459490,Savings,Inactive,2014-05-18,2021-11-04
1101,736,OVHW60337277615894,Checking,Active,2024-07-06,2024-07-08
1102,95,VOES44748311341589,Savings,Inactive,2022-02-13,2024-07-10
1103,581,SAWP95879971214873,Savings,Inactive,2022-07-17,2022-07-20
1104,908,UDOZ61593608825678,Savings,Inactive,2019-11-18,2021-01-01
1105,98,CLQV77239298068126,Checking,Active,2023-07-13,2024-06-23
1106,480,DMOQ08000640146541,Checking,Inactive,2013-10-09,2015-07-03
1107,92,INSZ40049850822427,Checking,Inactive,2001-03-10,2019-09-15
1108,36,KMDS34011960498497,Savings,Inactive,2023-07-02,2023-10-01
1109,585,SJWC96419483503136,Checking,Inactive,2019-08-19,2022-03-08
1110,182,IMTL21202367840621,Savings,Closed,2023-06-06,2023-07-02
1111,192,NFHH37953130093261,Checking,Inactive,2019-08-23,2021-04-16
1112,719,ZCNC90633698861255,Checking,Active,2024-07-05,2024-07-05
1113,992,JAXU52403725647585,Checking,Inactive,2022-05-14,2023-03-08
1114,915,JCZA13796323079542,Checking,Inactive,2019-08-24,2022-05-02
1115,44,OAQK26256057652152,Savings,Inactive,2016-12-22,2021-09-01
1116,162,SIEG65324995836465,Checking,Inactive,2023-03-23,2024-04-24
1117,635,YFJN19371314554960,Checking,Inactive,1997-12-20,2009-07-02
1118,809,IBFM83180579978710,Savings,Inactive,2003-07-25,2018-06-25
1119,750,KXCF87555442252657,Checking,Inactive,2017-03-27,2017-04-13
1120,240,AYUK40724359006898,Savings,Inactive,2023-03-19,2024-07-17
1121,949,CDGC04134710749778,Savings,Inactive,2021-03-17,2022-03-23
1122,895,KHFL27275814580969,Savings,Inactive,2021-07-17,2023-07-07
1123,878,MSIM27526117244626,Savings,Active,2024-07-12,2024-07-13
1124,945,ZHZI82733599238159,Savings,Active,2024-02-18,2024-03-12
1125,93,EMAD82598541114796,Savings,Closed,2022-03-08,2022-10-08
1126,791,JQUA65251323715173,Checking,Active,2017-07-27,2022-11-20
1127,941,TRZJ84180769563414,Savings,Closed,1999-05-16,2005-11-24
1128,88,AEIP51455248616724,Savings,Inactive,2012-09-07,2017-07-20
1129,477,OMFQ32104045653315,Savings,Inactive,2022-08-14,2024-06-17
1130,925,RFLF25818320642329,Savings,Inactive,2007-08-02,2015-01-10
1131,789,YHQX31813165545230,Checking,Inactive,2024-03-23,2024-04-04
1132,805,INIV75270986040813,Checking,Inactive,2024-01-13,2024-07-27
1133,8,RUXI63909469168893,Checking,Active,2024-06-22,2024-07-08
1134,650,MQYE29839285100974,Savings,Active,2019-03-19,2019-08-29
1135,2,GVWF70390223444233,Checking,Inactive,2017-07-07,2019-10-06
1136,312,ANIH32402472395015,Savings,Active,2015-06-12,2021-09-26
1137,497,GEQM02783987560856,Savings,Active,2021-07-06,2022-05-25
1138,816,VCPD17282008660324,Checking,Inactive,2005-07-07,2014-10-23
1139,182,FKMF26986377737435,Savings,Closed,2024-03-04,2024-04-12
1140,486,SCUO05706951120304,Checking,Inactive,2016-10-09,2018-11-11
1141,588,GPNR74009849780476,Savings,Closed,2024-01-18,2024-01-25
1142,795,VBUD83586227795808,Savings,Inactive,2021-02-10,2022-11-17
1143,853,SVPZ36644737515727,Savings,Inactive,2024-07-12,2024-07-13
1144,248,WHKI47172337455666,Checking,Inactive,2007-03-23,2009-09-25
1145,788,HOXP50947146469692,Savings,Inactive,2024-06-10,2024-07-24
1146,206,BZAK07912492167459,Savings,Inactive,1983-07-01,2017-09-05
1147,535,ANXB16359245347774,Checking,Inactive,2020-10-12,2024-02-04
1148,227,AFBI05929730510513,Checking,Inactive,2024-06-18,2024-06-25
1149,533,ZLYX44598503350748,Checking,Inactive,2016-03-29,2020-04-18
1150,450,XRON24228700081664,Savings,Inactive,2005-03-31,2006-06-16
1151,555,MQJV71710582635692,Savings,Inactive,2019-03-04,2021-03-15
1152,690,XWTC28115704434613,Savings,Active,2023-07-23,2024-03-29
1153,612,LSYS85390216127233,Savings,Inactive,2021-05-30,2023-05-11
1154,485,GIVM41125397863045,Checking,Inactive,2020-11-21,2024-06-18
1155,6,AIYL99606269321231,Checking,Inactive,2004-05-25,2010-10-27
1156,242,JXSX17129922309621,Checking,Inactive,2017-08-27,2018-04-23
1157,325,XHER45449845216241,Savings,Active,2022-05-09,2023-12-08
1158,360,MBBB77407008815139,Checking,Inactive,2006-07-14,2016-06-17
1159,762,ZEOZ08228683111126,Savings,Closed,2024-07-04,2024-07-24
1160,161,ONNW11909714840430,Checking,Inactive,2024-06-26,2024-08-04
1161,560,EPXG77723357064547,Checking,Inactive,2024-02-08,2024-07-22
1162,381,BKEZ17723075678507,Savings,Inactive,2013-08-05,2017-10-14
1163,495,ZSDC29318170962597,Checking,Inactive,2021-06-17,2023-07-25
1164,562,AEBO18791935094563,Checking,Inactive,2020-08-24,2024-07-15
1165,771,WVMU06151863447640,Savings,Active,2014-03-20,2023-03-09
1166,903,LKJQ46846761399711,Savings,Inactive,1997-10-17,1999-12-23
1167,4,SMWQ24745098823094,Checking,Active,2017-10-18,2018-07-03
1168,790,AERM32355647441887,Checking,Active,2021-02-16,2024-03-15
1169,213,RYNE63922242167025,Savings,Inactive,2007-02-17,2015-02-25
1170,314,JWGR58220397573528,Savings,Active,2023-04-20,2023-10-01
1171,696,CMGY30902379319298,Savings,Inactive,2019-11-18,2023-09-05
1172,923,PGSR64059920206878,Checking,Active,2023-07-13,2024-04-14
1173,35,UBYY33659919020936,Checking,Inactive,2009-05-02,2010-01-02
1174,789,DRGY27703882619775,Checking,Inactive,2024-06-23,2024-07-13
1175,908,NBMC92480571828685,Checking,Inactive,2021-07-03,2023-07-16
1176,543,NNDB27234210958376,Checking,Inactive,2024-01-23,2024-07-03
1177,822,WBYX19778393609851,Savings,Active,2017-09-14,2017-11-20
1178,435,YYRE92699007519545,Savings,Inactive,2018-06-29,2020-10-14
1179,67,EJXF93671170716083,Savings,Inactive,2021-07-12,2022-08-21
1180,648,FTVD09467245213108,Savings,Inactive,2011-09-21,2011-12-08
1181,14,TXGI57726726929709,Savings,Inactive,2020-07-21,2022-11-09
1182,615,KBQI50380358739799,Checking,Inactive,2021-06-13,2022-04-06
1183,454,NTBK54967225262731,Savings,Active,2024-06-04,2024-07-14
1184,697,NMVA49484281413259,Checking,Closed,2021-01-26,2023-10-18
1185,689,WRTS96302822237580,Savings,Inactive,1983-08-06,2013-10-30
1186,86,LEGF93362290820547,Checking,Active,2023-09-17,2023-11-21
1187,934,UYYX78530538460676,Savings,Inactive,2023-09-19,2024-07-08
1188,150,FWAO92972966657794,Savings,Closed,2023-02-14,2023-03-18
1189,548,YGHI51410863658332,Checking,Inactive,2023-09-08,2024-05-01
1190,595,PNYT57446987578704,Checking,Closed,2022-11-01,2024-04-01
1191,986,RBIQ33930181503936,Savings,Inactive,2013-05-05,2024-03-18
1192,391,SKJV27150682421134,Checking,Active,2024-07-17,2024-07-27
1193,294,PXJY75514063944701,Checking,Active,2024-04-17,2024-04-29
1194,716,YBWX30076787299404,Savings,Active,2023-12-09,2024-04-01
1195,150,EOXW12566945750132,Checking,Closed,2024-04-24,2024-05-22
1196,553,MIHF85498828681411,Checking,Inactive,2015-06-27,2023-09-14
1197,950,FVTR71197000069216,Savings,Inactive,2015-03-12,2020-08-22
1198,455,FUMP24221522178900,Checking,Inactive,2024-08-02,2024-08-03
1199,381,XPFB75171050557245,Checking,Inactive,2023-06-11,2023-09-18
1200,307,LYZA36702148493585,Checking,Inactive,2024-04-20,2024-06-27
