1,1,9224.4,USD,2022-08-29
2,2,9164.15,USD,2013-02-26
3,3,9966.49,USD,2019-08-10
4,4,2637.0,USD,2022-10-22
5,5,2248.59,USD,2024-08-06
6,6,6203.61,USD,2023-06-01
7,7,3759.29,USD,2024-08-06
8,8,4027.51,USD,2024-07-30
9,9,7745.5,USD,2014-11-14
10,10,6793.18,USD,2024-03-07
11,11,8552.61,USD,2024-07-31
12,12,8102.2,USD,2023-04-07
13,13,4949.38,USD,2023-07-13
14,14,1133.87,USD,2024-08-06
15,15,4279.51,USD,2024-08-06
16,16,7914.59,USD,2014-02-08
17,17,3733.86,USD,2020-03-04
18,18,8440.68,USD,2024-08-06
19,19,4051.3,USD,2023-11-03
20,20,0.0,USD,2024-08-06
21,21,8197.41,USD,2024-08-06
22,22,7615.23,USD,2024-04-23
23,23,0.0,USD,2023-02-22
24,24,6748.64,USD,2024-08-06
25,25,170.03,USD,2024-08-06
26,26,9264.84,USD,2022-12-29
27,27,3732.89,USD,2024-08-06
28,28,1015.45,USD,2023-02-09
29,29,225.59,USD,2024-08-06
30,30,8623.03,USD,2021-09-21
31,31,0.0,USD,2022-04-14
32,32,4243.14,USD,2018-08-23
33,33,5906.16,USD,2024-08-06
34,34,9848.44,USD,2024-08-06
35,35,9356.64,USD,2018-10-28
36,36,6335.49,USD,2024-08-06
37,37,7341.98,USD,2023-05-15
38,38,6469.47,USD,2020-05-14
39,39,4251.24,USD,2024-08-06
40,40,1248.35,USD,2023-06-28
41,41,2149.72,USD,2024-08-06
42,42,3049.68,USD,2024-08-06
43,43,2219.18,USD,2024-08-06
44,44,9323.9,USD,2024-08-06
45,45,0.0,USD,2024-08-06
46,46,2129.79,USD,2005-01-13
47,47,2430.68,USD,2020-01-18
48,48,6989.18,USD,2024-08-06
49,49,9710.54,USD,2016-10-14
50,50,6412.1,USD,2019-08-22
51,51,3001.6,USD,2016-02-14
52,52,8170.41,USD,2024-08-06
53,53,1647.72,USD,2024-08-06
54,54,0.0,USD,2024-04-30
55,55,6525.37,USD,2024-08-06
56,56,4991.69,USD,2023-03-13
57,57,7544.25,USD,2024-07-22
58,58,4910.34,USD,2023-12-15
59,59,0.0,USD,2024-08-06
60,60,0.0,USD,2024-07-03
61,61,6251.24,USD,2024-08-06
62,62,130.21,USD,2024-08-06
63,63,8451.4,USD,2023-08-04
64,64,7274.03,USD,2024-08-06
65,65,2055.46,USD,2024-08-06
66,66,9468.69,USD,2020-11-19
67,67,9898.57,USD,2024-08-06
68,68,6320.59,USD,2024-08-06
69,69,8375.89,USD,2002-06-18
70,70,9898.9,USD,2024-08-06
71,71,3119.3,USD,2019-08-15
72,72,0.0,USD,2000-05-10
73,73,1931.19,USD,2024-03-04
74,74,3304.23,USD,2024-08-06
75,75,9671.93,USD,2024-03-17
76,76,3028.89,USD,2024-06-23
77,77,4564.24,USD,2014-12-06
78,78,8526.03,USD,2024-08-06
79,79,1857.0,USD,2024-08-06
80,80,4593.62,USD,2017-12-18
81,81,2714.21,USD,2024-08-06
82,82,4252.9,USD,2021-08-25
83,83,9613.08,USD,2024-08-06
84,84,4429.45,USD,2024-08-06
85,85,710.64,USD,2023-12-21
86,86,8938.07,USD,2024-01-05
87,87,8588.4,USD,2024-06-26
88,88,0.0,USD,2024-08-06
89,89,3495.5,USD,2021-12-02
90,90,584.85,USD,2024-08-06
91,91,0.0,USD,2024-08-06
92,92,4994.77,USD,2016-08-06
93,93,6444.32,USD,2018-11-01
94,94,4443.96,USD,2019-05-16
95,95,766.86,USD,2024-08-06
96,96,1025.63,USD,2023-01-13
97,97,7509.56,USD,2024-08-06
98,98,5394.65,USD,2022-05-02
99,99,6531.3,USD,2024-07-03
100,100,3026.87,USD,2024-08-06
101,101,4420.08,USD,2024-08-06
102,102,3479.14,USD,2023-01-03
103,103,6584.09,USD,2020-03-19
104,104,4605.49,USD,2024-06-18
105,105,1203.9,USD,1999-11-06
106,106,6819.88,USD,2024-05-16
107,107,9738.04,USD,2024-08-06
108,108,4182.79,USD,2024-08-06
109,109,426.0,USD,2024-08-06
110,110,5462.62,USD,2023-01-09
111,111,6412.21,USD,2023-11-19
112,112,3607.94,USD,2022-08-26
113,113,9004.73,USD,2021-12-07
114,114,9511.74,USD,2023-11-23
115,115,4756.4,USD,2022-11-29
116,116,5088.68,USD,2024-08-06
117,117,4314.04,USD,2023-11-22
118,118,6876.49,USD,2019-11-25
119,119,683.59,USD,2024-08-06
120,120,3121.19,USD,2024-08-06
121,121,0.0,USD,2024-08-06
122,122,8018.94,USD,2023-04-26
123,123,2027.65,USD,2024-07-31
124,124,5428.98,USD,2018-10-31
125,125,2252.81,USD,2024-06-03
126,126,1236.32,USD,2023-12-25
127,127,4108.47,USD,2024-08-06
128,128,5537.47,USD,2024-01-01
129,129,2697.34,USD,2024-05-28
130,130,3463.65,USD,2022-08-08
131,131,4570.1,USD,2024-05-26
132,132,7319.89,USD,2024-08-06
133,133,1578.81,USD,2024-08-06
134,134,5924.68,USD,2024-08-06
135,135,0.0,USD,2024-08-06
136,136,6018.18,USD,2024-06-19
137,137,9741.82,USD,2023-04-22
138,138,6094.29,USD,2020-08-27
139,139,4124.39,USD,2020-06-08
140,140,0.0,USD,2024-08-06
141,141,4873.52,USD,2024-08-06
142,142,6173.37,USD,2024-05-01
143,143,5370.32,USD,2024-08-06
144,144,6773.3,USD,2024-08-06
145,145,0.0,USD,2022-02-05
146,146,3007.91,USD,2024-08-06
147,147,2540.97,USD,2019-11-07
148,148,9784.3,USD,2024-08-06
149,149,0.0,USD,2024-05-19
150,150,9421.29,USD,2024-08-06
151,151,7419.97,USD,2019-04-06
152,152,9817.48,USD,2024-08-06
153,153,9934.4,USD,2022-02-03
154,154,2780.49,USD,2017-04-20
155,155,3520.36,USD,2024-08-06
156,156,9221.19,USD,2009-07-27
157,157,7196.26,USD,2015-04-01
158,158,1575.66,USD,2024-08-06
159,159,7904.24,USD,2021-09-21
160,160,2016.98,USD,2022-11-28
161,161,2134.91,USD,2024-08-06
162,162,6176.12,USD,2022-07-06
163,163,2165.15,USD,2024-08-06
164,164,3874.4,USD,2023-07-16
165,165,1716.02,USD,2024-08-06
166,166,0.0,USD,2024-08-06
167,167,6926.17,USD,2021-02-26
168,168,6190.28,USD,2024-06-18
169,169,9080.93,USD,2024-08-06
170,170,1045.24,USD,2024-08-06
171,171,9862.66,USD,2024-08-06
172,172,3146.49,USD,2024-05-19
173,173,387.46,USD,2024-08-06
174,174,0.0,USD,2024-08-06
175,175,3557.59,USD,2024-08-06
176,176,9480.3,USD,2018-02-15
177,177,2973.37,USD,2024-03-11
178,178,4974.5,USD,2024-08-06
179,179,2826.38,USD,2024-04-14
180,180,6798.76,USD,2024-08-06
181,181,3779.12,USD,2024-08-06
182,182,9254.43,USD,2024-08-06
183,183,1181.03,USD,2024-08-06
184,184,6302.96,USD,2024-08-06
185,185,9875.99,USD,2024-08-06
186,186,3754.72,USD,2010-03-01
187,187,5397.36,USD,2024-04-06
188,188,7757.14,USD,2008-04-03
189,189,1541.53,USD,2024-08-06
190,190,4803.32,USD,2024-08-06
191,191,8563.09,USD,2022-08-18
192,192,8814.17,USD,2024-08-06
193,193,5315.45,USD,2024-08-06
194,194,8000.56,USD,2024-08-06
195,195,5385.49,USD,2024-03-19
196,196,6848.09,USD,2024-08-06
197,197,8121.86,USD,2023-01-12
198,198,853.4,USD,2024-07-12
199,199,1025.46,USD,2006-09-05
200,200,542.81,USD,2020-05-04
201,201,8991.0,USD,2011-09-25
202,202,2275.46,USD,2024-08-06
203,203,5104.69,USD,1996-10-29
204,204,3623.71,USD,2023-07-29
205,205,3957.45,USD,2020-06-16
206,206,3550.51,USD,2023-10-07
207,207,8685.83,USD,2024-08-06
208,208,1145.67,USD,2024-08-06
209,209,7438.39,USD,2019-11-09
210,210,5081.0,USD,2015-12-11
211,211,0.0,USD,2023-01-14
212,212,0.0,USD,2024-01-06
213,213,5898.48,USD,2024-08-06
214,214,4753.2,USD,2010-07-26
215,215,7764.95,USD,2024-08-06
216,216,5476.14,USD,2024-08-06
217,217,4165.72,USD,2024-08-06
218,218,4180.72,USD,2023-12-20
219,219,4309.65,USD,2024-01-27
220,220,5569.33,USD,2024-01-10
221,221,2516.34,USD,2009-06-28
222,222,9774.62,USD,2024-08-06
223,223,8615.96,USD,2024-08-06
224,224,3436.22,USD,2024-05-05
225,225,5365.75,USD,2024-08-01
226,226,6520.94,USD,2024-08-06
227,227,4983.94,USD,2024-08-06
228,228,1808.69,USD,2024-08-06
229,229,6473.46,USD,2022-11-16
230,230,0.0,USD,2024-08-06
231,231,6703.78,USD,2024-08-06
232,232,5910.96,USD,2023-08-15
233,233,0.0,USD,2024-08-06
234,234,5257.76,USD,2024-08-06
235,235,4742.58,USD,2017-01-24
236,236,9782.25,USD,2024-07-21
237,237,1069.66,USD,2022-01-17
238,238,8864.59,USD,2023-01-08
239,239,118.38,USD,2024-08-06
240,240,7610.43,USD,2024-08-06
241,241,4647.39,USD,2022-01-16
242,242,5368.9,USD,2024-08-06
243,243,606.52,USD,2024-08-06
244,244,9556.86,USD,2020-06-19
245,245,1891.01,USD,2024-08-06
246,246,8283.48,USD,2024-04-15
247,247,9959.53,USD,2024-08-06
248,248,8881.22,USD,2008-03-29
249,249,6403.38,USD,2024-08-06
250,250,1607.22,USD,2024-08-06
251,251,5965.58,USD,2024-08-06
252,252,6792.58,USD,2012-11-19
253,253,9298.29,USD,2024-08-06
254,254,6892.54,USD,2020-11-12
255,255,0.0,USD,2024-08-06
256,256,1700.71,USD,2024-08-06
257,257,0.0,USD,2024-08-06
258,258,476.21,USD,2016-02-13
259,259,8094.78,USD,2024-05-08
260,260,3588.24,USD,2017-12-13
261,261,3424.53,USD,2024-08-06
262,262,3561.92,USD,2024-08-06
263,263,9237.28,USD,2023-11-28
264,264,8378.8,USD,2024-08-06
265,265,7929.57,USD,2024-08-06
266,266,4906.71,USD,2024-08-06
267,267,9844.99,USD,2022-12-20
268,268,5825.94,USD,2004-05-14
269,269,8894.99,USD,2023-06-23
270,270,9678.68,USD,2024-08-06
271,271,0.0,USD,2014-08-07
272,272,6056.43,USD,2022-11-28
273,273,0.0,USD,2024-08-06
274,274,5971.4,USD,2024-01-23
275,275,9635.06,USD,2024-08-06
276,276,399.76,USD,2022-10-30
277,277,5431.0,USD,2009-12-07
278,278,1272.89,USD,2022-10-04
279,279,8206.07,USD,2020-08-13
280,280,9362.77,USD,2024-08-06
281,281,5651.66,USD,2024-08-06
282,282,3059.99,USD,2022-10-29
283,283,9021.57,USD,2023-01-10
284,284,1116.82,USD,2024-08-06
285,285,0.0,USD,2021-06-26
286,286,7911.27,USD,2024-07-23
287,287,511.72,USD,2024-08-06
288,288,0.0,USD,2023-07-20
289,289,7786.05,USD,2021-05-13
290,290,7658.15,USD,2024-08-06
291,291,0.0,USD,2012-05-30
292,292,7931.26,USD,2020-03-21
293,293,6662.23,USD,2022-03-05
294,294,1903.47,USD,2020-12-02
295,295,0.0,USD,2024-08-06
296,296,8244.0,USD,2023-06-18
297,297,2318.02,USD,2019-10-20
298,298,8305.32,USD,2021-12-26
299,299,0.0,USD,2012-08-26
300,300,0.0,USD,2024-08-06
301,301,6306.03,USD,2024-08-06
302,302,8439.3,USD,2024-08-06
303,303,5426.87,USD,2024-08-06
304,304,234.35,USD,2024-08-06
305,305,9238.54,USD,2024-08-06
306,306,5716.49,USD,2024-02-02
307,307,4518.8,USD,2023-07-08
308,308,4626.41,USD,2024-08-06
309,309,0.0,USD,2024-06-15
310,310,5703.76,USD,2021-03-01
311,311,7841.39,USD,2022-05-24
312,312,3231.68,USD,2024-08-06
313,313,4343.13,USD,2024-08-06
314,314,0.0,USD,2024-06-23
315,315,1986.26,USD,2005-06-28
316,316,4854.17,USD,2016-07-13
317,317,7791.51,USD,2024-02-12
318,318,522.21,USD,2022-12-30
319,319,8490.84,USD,2014-02-09
320,320,1678.98,USD,1997-04-21
321,321,1717.73,USD,2024-07-01
322,322,0.0,USD,2024-07-06
323,323,2197.18,USD,2024-08-06
324,324,0.0,USD,2024-08-06
325,325,7433.12,USD,2024-03-16
326,326,6896.18,USD,2024-08-06
327,327,0.0,USD,2024-08-06
328,328,8493.45,USD,2023-11-12
329,329,0.0,USD,2024-08-06
330,330,1971.22,USD,2024-08-06
331,331,9051.92,USD,2024-08-06
332,332,1696.18,USD,2014-03-20
333,333,1689.71,USD,2017-01-30
334,334,4266.98,USD,2009-10-31
335,335,3420.48,USD,2024-08-06
336,336,7622.5,USD,2024-08-06
337,337,6788.22,USD,2024-08-06
338,338,690.56,USD,2024-05-27
339,339,1186.89,USD,2023-02-21
340,340,5298.86,USD,2024-05-14
341,341,1130.65,USD,2022-05-07
342,342,5662.95,USD,2024-08-06
343,343,7215.42,USD,2023-05-02
344,344,6225.61,USD,2023-05-14
345,345,193.47,USD,2007-12-31
346,346,9366.6,USD,2024-08-06
347,347,2618.83,USD,2024-02-18
348,348,4632.67,USD,2024-06-26
349,349,5294.46,USD,2024-08-06
350,350,0.0,USD,2024-08-06
351,351,9776.02,USD,2024-08-06
352,352,3160.9,USD,2024-08-06
353,353,6610.65,USD,2024-08-06
354,354,8400.37,USD,2021-05-14
355,355,5689.26,USD,2022-04-21
356,356,2306.26,USD,2021-04-08
357,357,2853.17,USD,2024-01-15
358,358,1394.51,USD,2024-08-06
359,359,7346.96,USD,2024-04-27
360,360,5003.94,USD,2012-03-05
361,361,3360.41,USD,2024-08-06
362,362,9190.6,USD,2023-06-13
363,363,2077.32,USD,2024-08-06
364,364,1355.19,USD,2020-04-11
365,365,6243.53,USD,2017-11-29
366,366,3997.88,USD,2024-01-15
367,367,3853.7,USD,2024-08-06
368,368,5932.79,USD,2024-05-02
369,369,6130.49,USD,2022-07-27
370,370,289.94,USD,2024-08-06
371,371,1074.19,USD,2022-06-17
372,372,571.14,USD,2023-11-27
373,373,435.62,USD,2024-08-06
374,374,2192.11,USD,2020-09-27
375,375,9112.62,USD,2024-04-03
376,376,858.24,USD,2023-04-26
377,377,2013.65,USD,2011-06-15
378,378,5809.31,USD,2023-09-08
379,379,3848.34,USD,2024-08-06
380,380,6691.11,USD,2024-08-06
381,381,0.0,USD,2024-08-06
382,382,2149.61,USD,2024-08-06
383,383,6924.54,USD,2023-03-04
384,384,840.36,USD,2024-08-06
385,385,0.0,USD,2024-08-06
386,386,3598.95,USD,2010-08-01
387,387,4330.13,USD,1999-05-11
388,388,6180.27,USD,2022-10-26
389,389,0.0,USD,2020-11-25
390,390,273.79,USD,2024-08-06
391,391,418.2,USD,2024-08-06
392,392,0.0,USD,2023-02-04
393,393,1239.57,USD,2024-08-06
394,394,6055.46,USD,2024-08-06
395,395,4452.73,USD,2024-08-06
396,396,6962.82,USD,2024-08-06
397,397,4531.06,USD,2024-08-06
398,398,174.0,USD,2024-08-06
399,399,2532.97,USD,2024-08-06
400,400,9326.48,USD,2008-06-07
401,401,8343.57,USD,2024-08-06
402,402,7539.4,USD,2024-08-06
403,403,3231.04,USD,2024-08-06
404,404,7242.79,USD,2024-07-26
405,405,2838.17,USD,2021-10-14
406,406,428.0,USD,2023-12-19
407,407,3970.73,USD,2021-12-25
408,408,6958.3,USD,2024-07-15
409,409,2511.83,USD,2024-08-06
410,410,9884.69,USD,2024-04-11
411,411,3227.19,USD,2007-11-05
412,412,6284.24,USD,2024-08-06
413,413,0.0,USD,2022-01-19
414,414,0.0,USD,2021-01-03
415,415,1142.38,USD,2018-11-28
416,416,976.03,USD,2024-08-06
417,417,8031.02,USD,2024-08-06
418,418,0.0,USD,2024-08-06
419,419,6019.01,USD,2022-06-28
420,420,1151.37,USD,2018-06-14
421,421,3976.41,USD,2024-08-06
422,422,6318.23,USD,2024-08-06
423,423,8059.44,USD,2024-06-18
424,424,4439.85,USD,2024-08-06
425,425,4639.29,USD,2024-08-06
426,426,8771.25,USD,2022-03-26
427,427,5920.59,USD,2024-01-25
428,428,7737.57,USD,2007-10-13
429,429,5529.97,USD,2024-08-06
430,430,6953.73,USD,2022-01-09
431,431,8088.47,USD,2024-07-09
432,432,8354.11,USD,2024-08-06
433,433,0.0,USD,2023-08-27
434,434,1923.57,USD,2022-05-28
435,435,0.0,USD,2024-08-06
436,436,7076.23,USD,2024-08-06
437,437,7165.37,USD,2020-10-11
438,438,4388.33,USD,2022-04-22
439,439,3106.28,USD,2024-08-06
440,440,2147.68,USD,2022-07-01
441,441,9418.39,USD,2024-06-01
442,442,6888.79,USD,2024-08-06
443,443,9235.36,USD,2020-06-15
444,444,6428.22,USD,2024-08-06
445,445,3166.36,USD,2024-03-23
446,446,0.0,USD,2015-12-12
447,447,7844.23,USD,2024-08-06
448,448,8670.5,USD,2021-06-17
449,449,8176.18,USD,2022-03-16
450,450,5486.79,USD,2008-05-22
451,451,5042.4,USD,2021-08-13
452,452,8213.17,USD,2023-08-02
453,453,7095.19,USD,2024-08-06
454,454,928.6,USD,2024-08-06
455,455,7615.69,USD,2024-07-06
456,456,0.0,USD,2020-01-18
457,457,8197.62,USD,2024-08-06
458,458,5100.24,USD,2023-09-16
459,459,2299.05,USD,2007-12-20
460,460,4581.68,USD,2023-11-12
461,461,5020.28,USD,2024-06-05
462,462,8271.64,USD,2024-08-06
463,463,5006.79,USD,2023-05-11
464,464,8660.43,USD,2024-08-06
465,465,4300.37,USD,2024-07-19
466,466,1858.33,USD,2017-12-09
467,467,4157.58,USD,2024-08-06
468,468,8013.26,USD,2015-12-09
469,469,6134.7,USD,2024-08-06
470,470,0.0,USD,2024-08-06
471,471,9140.67,USD,2020-10-12
472,472,7121.81,USD,2024-03-29
473,473,0.0,USD,2024-08-06
474,474,6996.63,USD,2016-11-29
475,475,9241.85,USD,2010-04-12
476,476,7217.1,USD,2024-08-06
477,477,5490.93,USD,2021-04-10
478,478,8681.89,USD,2024-08-06
479,479,9214.2,USD,2024-08-06
480,480,9272.55,USD,2024-05-11
481,481,2340.64,USD,2024-05-26
482,482,0.0,USD,2024-03-10
483,483,5046.84,USD,2018-03-04
484,484,6422.47,USD,2023-07-14
485,485,593.73,USD,2024-07-17
486,486,4193.43,USD,2023-08-19
487,487,6086.59,USD,2024-05-06
488,488,8423.5,USD,2024-08-06
489,489,516.02,USD,2024-08-06
490,490,3279.97,USD,2024-08-06
491,491,3221.47,USD,2021-11-06
492,492,1715.25,USD,2020-03-23
493,493,3319.6,USD,2022-03-06
494,494,9914.65,USD,2015-11-21
495,495,4957.33,USD,2022-06-28
496,496,824.15,USD,2009-08-11
497,497,7878.41,USD,2024-08-06
498,498,9859.92,USD,2024-08-06
499,499,0.0,USD,2023-07-16
500,500,9223.43,USD,2024-08-06
501,501,6139.42,USD,2024-07-05
502,502,4084.16,USD,2024-08-06
503,503,8228.48,USD,2024-07-04
504,504,5774.74,USD,2024-05-21
505,505,1865.92,USD,2024-08-06
506,506,0.0,USD,2020-09-26
507,507,6677.3,USD,2023-04-29
508,508,4806.82,USD,2024-08-06
509,509,7017.71,USD,2019-11-19
510,510,0.0,USD,2016-04-30
511,511,2139.28,USD,2024-08-06
512,512,2972.23,USD,2024-08-06
513,513,3116.0,USD,2023-12-11
514,514,2974.37,USD,2020-04-26
515,515,7064.38,USD,2024-08-06
516,516,3574.88,USD,2024-08-06
517,517,6687.85,USD,2023-12-22
518,518,251.41,USD,2004-11-01
519,519,347.47,USD,2023-01-19
520,520,4735.9,USD,2024-08-06
521,521,9175.54,USD,2024-08-06
522,522,0.0,USD,2023-12-18
523,523,565.51,USD,2015-03-20
524,524,948.85,USD,2024-08-06
525,525,9998.33,USD,2024-08-06
526,526,3179.19,USD,2018-04-27
527,527,0.0,USD,2024-08-06
528,528,832.06,USD,2024-08-06
529,529,0.0,USD,2024-06-05
530,530,0.0,USD,2024-08-06
531,531,718.92,USD,2024-08-06
532,532,893.0,USD,2024-08-06
533,533,2317.09,USD,2024-08-06
534,534,5921.79,USD,2024-08-06
535,535,441.81,USD,2022-10-10
536,536,8417.4,USD,2024-08-06
537,537,9421.39,USD,2024-08-06
538,538,3403.18,USD,2023-04-23
539,539,8317.15,USD,2024-08-06
540,540,6122.84,USD,2023-03-30
541,541,336.28,USD,2020-12-04
542,542,8303.27,USD,2023-02-27
543,543,9753.72,USD,2024-08-06
544,544,7361.29,USD,2024-08-06
545,545,7310.14,USD,2024-06-29
546,546,4101.17,USD,2023-05-23
547,547,8567.82,USD,2018-05-10
548,548,356.75,USD,2024-07-08
549,549,3623.82,USD,2024-08-06
550,550,8305.29,USD,2024-07-26
551,551,1789.61,USD,2024-06-28
552,552,1983.43,USD,2024-08-06
553,553,621.92,USD,2021-05-03
554,554,389.1,USD,2024-08-06
555,555,8880.06,USD,2024-08-06
556,556,7726.43,USD,2023-06-04
557,557,5484.66,USD,2024-08-06
558,558,8463.24,USD,2024-08-06
559,559,1601.83,USD,2024-08-06
560,560,9852.47,USD,2024-02-22
561,561,7248.65,USD,2024-08-06
562,562,8205.33,USD,2024-08-06
563,563,2651.36,USD,2024-08-06
564,564,289.71,USD,2020-08-26
565,565,6162.13,USD,2018-05-30
566,566,7524.1,USD,2023-07-07
567,567,9287.56,USD,2021-02-15
568,568,1575.57,USD,2024-08-06
569,569,2319.05,USD,2020-05-25
570,570,6169.54,USD,2024-08-06
571,571,8167.11,USD,2023-10-25
572,572,3040.15,USD,1983-02-19
573,573,3974.08,USD,2024-07-07
574,574,6996.74,USD,2024-08-06
575,575,872.15,USD,2024-08-06
576,576,4817.92,USD,2023-12-20
577,577,2753.3,USD,2024-08-06
578,578,432.2,USD,2015-06-25
579,579,3721.69,USD,2022-04-06
580,580,3048.1,USD,2024-08-05
581,581,8956.7,USD,2023-01-25
582,582,5696.63,USD,2024-08-06
583,583,2410.61,USD,2024-08-06
584,584,3139.87,USD,2023-10-20
585,585,5293.51,USD,2022-08-26
586,586,9886.96,USD,2024-08-06
587,587,2812.01,USD,2023-08-15
588,588,3840.55,USD,2023-01-11
589,589,1209.03,USD,2019-02-24
590,590,862.2,USD,2023-01-31
591,591,2051.57,USD,2011-04-17
592,592,6529.32,USD,2021-07-24
593,593,6878.05,USD,2022-09-08
594,594,8250.26,USD,2018-08-27
595,595,8284.47,USD,2024-08-06
596,596,2814.46,USD,2024-08-06
597,597,3777.94,USD,2024-08-06
598,598,0.0,USD,2024-06-08
599,599,9457.52,USD,2020-09-25
600,600,5289.7,USD,1992-06-15
601,601,6496.35,USD,2024-08-06
602,602,7051.12,USD,2024-08-06
603,603,9236.12,USD,2024-03-01
604,604,4160.27,USD,2022-07-17
605,605,7773.72,USD,2024-08-06
606,606,4501.31,USD,2024-08-06
607,607,0.0,USD,2023-06-10
608,608,3486.42,USD,2020-05-16
609,609,7396.22,USD,2013-05-18
610,610,6178.49,USD,2024-08-06
611,611,3167.76,USD,2024-04-29
612,612,5918.02,USD,2024-08-06
613,613,1142.93,USD,2024-08-06
614,614,9159.35,USD,2006-03-19
615,615,412.41,USD,2020-03-01
616,616,805.88,USD,2022-02-12
617,617,6990.73,USD,2015-12-11
618,618,7871.46,USD,2024-08-06
619,619,9344.76,USD,2016-09-03
620,620,4284.83,USD,2017-06-21
621,621,9414.51,USD,2024-08-06
622,622,5074.29,USD,2019-12-06
623,623,1001.47,USD,2024-08-06
624,624,3026.13,USD,2024-03-30
625,625,5005.41,USD,2024-08-06
626,626,0.0,USD,2023-05-10
627,627,8823.92,USD,2024-08-06
628,628,690.77,USD,2021-04-17
629,629,5468.06,USD,2024-05-07
630,630,5544.15,USD,2024-08-06
631,631,0.0,USD,2024-04-24
632,632,8670.63,USD,2024-04-16
633,633,3772.84,USD,2024-08-06
634,634,0.0,USD,2024-08-06
635,635,4792.7,USD,2004-12-16
636,636,6679.22,USD,2022-06-16
637,637,2342.44,USD,2022-03-26
638,638,6396.26,USD,2024-08-06
639,639,0.0,USD,2024-08-06
640,640,4549.86,USD,2014-05-20
641,641,2480.09,USD,2024-08-06
642,642,0.0,USD,2024-08-06
643,643,0.0,USD,2022-07-12
644,644,2574.87,USD,2020-02-05
645,645,5968.44,USD,2023-10-13
646,646,6812.34,USD,2024-07-01
647,647,2906.97,USD,2020-09-28
648,648,3922.21,USD,2013-08-15
649,649,9662.25,USD,2023-12-25
650,650,3520.93,USD,2023-08-03
651,651,5956.01,USD,2024-08-06
652,652,4623.89,USD,2024-08-06
653,653,4206.05,USD,2024-08-06
654,654,2387.27,USD,2022-05-06
655,655,3799.28,USD,2024-08-06
656,656,8315.01,USD,2020-06-02
657,657,4594.14,USD,2023-10-02
658,658,0.0,USD,2024-08-06
659,659,9966.25,USD,2024-08-06
660,660,9540.49,USD,2019-11-15
661,661,2669.27,USD,2024-08-06
662,662,0.0,USD,2024-06-25
663,663,0.0,USD,2024-08-06
664,664,0.0,USD,2020-10-31
665,665,1386.03,USD,2020-04-23
666,666,7092.87,USD,2023-08-05
667,667,457.75,USD,2020-03-04
668,668,2034.51,USD,2024-08-06
669,669,2994.59,USD,2024-08-06
670,670,2454.51,USD,2022-03-16
671,671,4641.64,USD,2015-12-06
672,672,0.0,USD,2022-04-30
673,673,9528.44,USD,2024-08-06
674,674,4921.86,USD,2024-07-31
675,675,3277.59,USD,2023-08-13
676,676,1884.03,USD,2024-08-06
677,677,0.0,USD,2024-08-06
678,678,5082.65,USD,2013-06-08
679,679,133.44,USD,2024-08-06
680,680,2286.76,USD,2009-08-08
681,681,0.0,USD,2024-01-04
682,682,5427.46,USD,2018-03-09
683,683,8671.74,USD,2013-12-03
684,684,3792.9,USD,2017-04-30
685,685,3393.72,USD,2024-08-06
686,686,3168.78,USD,2023-10-13
687,687,0.0,USD,2016-03-05
688,688,8649.76,USD,2024-07-05
689,689,5188.67,USD,2024-08-06
690,690,8999.56,USD,2024-08-06
691,691,6773.21,USD,1993-11-08
692,692,2640.55,USD,2022-08-09
693,693,3935.02,USD,2023-08-04
694,694,934.03,USD,2024-08-06
695,695,670.62,USD,2024-05-31
696,696,9299.82,USD,2022-05-17
697,697,5898.33,USD,2024-08-06
698,698,8233.58,USD,2015-11-02
699,699,2354.99,USD,2024-08-06
700,700,5647.82,USD,2024-08-06
701,701,5439.48,USD,2024-08-06
702,702,1362.39,USD,2016-11-12
703,703,8148.83,USD,2024-08-06
704,704,9410.08,USD,2024-08-06
705,705,9224.1,USD,2019-09-19
706,706,1806.84,USD,2024-08-06
707,707,0.0,USD,2011-07-02
708,708,5882.56,USD,2022-09-20
709,709,9403.35,USD,2014-06-11
710,710,9905.16,USD,2024-08-06
711,711,5018.89,USD,2020-06-04
712,712,8871.78,USD,2024-01-18
713,713,0.0,USD,2024-04-19
714,714,0.0,USD,2021-07-06
715,715,8630.73,USD,2024-08-06
716,716,8795.9,USD,2024-06-17
717,717,6818.58,USD,2024-08-06
718,718,9380.5,USD,2024-08-06
719,719,6840.61,USD,2023-08-23
720,720,1286.16,USD,2021-01-23
721,721,2180.25,USD,2018-12-17
722,722,2284.21,USD,2024-08-06
723,723,1634.07,USD,2024-08-06
724,724,5207.22,USD,2024-03-31
725,725,3130.01,USD,2009-06-07
726,726,3020.78,USD,2023-03-10
727,727,3497.54,USD,2024-08-06
728,728,1436.7,USD,2024-08-06
729,729,4834.47,USD,2024-08-06
730,730,8894.38,USD,2024-08-06
731,731,5169.21,USD,2024-08-06
732,732,7651.56,USD,2014-09-03
733,733,3952.76,USD,2024-08-06
734,734,9914.17,USD,2021-06-13
735,735,3547.29,USD,2024-08-06
736,736,3138.78,USD,2024-07-28
737,737,6817.23,USD,2020-09-05
738,738,7024.92,USD,2021-09-14
739,739,3830.21,USD,2016-08-03
740,740,4148.26,USD,2024-08-06
741,741,2188.73,USD,2024-08-06
742,742,6189.4,USD,2016-07-17
743,743,2629.71,USD,2024-03-25
744,744,5268.64,USD,2022-04-24
745,745,597.12,USD,2024-08-06
746,746,4867.92,USD,2021-03-01
747,747,8663.48,USD,2024-08-06
748,748,4184.08,USD,2024-08-06
749,749,6014.13,USD,2021-02-03
750,750,1824.22,USD,2024-08-06
751,751,251.29,USD,2024-08-06
752,752,2595.0,USD,2024-08-06
753,753,1841.94,USD,2023-09-22
754,754,8199.59,USD,2022-11-09
755,755,2800.38,USD,2024-08-06
756,756,0.0,USD,2021-09-06
757,757,9666.36,USD,2024-08-06
758,758,7113.77,USD,2024-08-06
759,759,8488.48,USD,2024-08-06
760,760,1115.86,USD,2017-04-09
761,761,4128.15,USD,2024-08-06
762,762,3374.09,USD,2024-01-28
763,763,2135.46,USD,2024-03-19
764,764,9219.7,USD,2024-07-10
765,765,7855.47,USD,2024-08-06
766,766,1725.65,USD,2018-05-05
767,767,6065.81,USD,2017-09-20
768,768,8251.6,USD,2024-08-06
769,769,3909.01,USD,2022-08-31
770,770,8256.7,USD,2018-12-02
771,771,5395.5,USD,2024-08-06
772,772,7395.48,USD,2022-12-21
773,773,0.0,USD,2022-01-03
774,774,8145.35,USD,2024-08-06
775,775,1065.56,USD,2016-10-26
776,776,7802.1,USD,2024-05-11
777,777,4580.97,USD,2022-11-19
778,778,8459.81,USD,2023-09-22
779,779,1451.82,USD,2024-08-06
780,780,3106.62,USD,2024-08-06
781,781,5393.75,USD,2023-02-14
782,782,0.0,USD,2024-08-06
783,783,6565.38,USD,2012-02-16
784,784,3475.44,USD,2022-09-04
785,785,0.0,USD,2023-10-28
786,786,6824.86,USD,2024-02-13
787,787,9320.21,USD,2023-07-26
788,788,3420.27,USD,2014-03-22
789,789,769.37,USD,2013-12-16
790,790,3696.46,USD,2024-07-17
791,791,243.92,USD,2020-04-05
792,792,1557.54,USD,2024-04-25
793,793,6679.17,USD,2024-03-22
794,794,0.0,USD,2024-08-06
795,795,2837.41,USD,2020-01-03
796,796,1358.17,USD,2023-03-20
797,797,9129.83,USD,2024-08-06
798,798,1702.49,USD,2024-08-06
799,799,3477.44,USD,2024-08-06
800,800,5062.8,USD,2024-08-06
801,801,8640.45,USD,2022-06-30
802,802,7577.51,USD,2024-08-06
803,803,5941.07,USD,2024-08-06
804,804,9788.83,USD,2017-10-19
805,805,5193.5,USD,2024-08-06
806,806,2029.63,USD,2024-08-06
807,807,4938.09,USD,2014-10-30
808,808,3791.9,USD,2024-08-06
809,809,4007.24,USD,2014-10-01
810,810,5006.3,USD,2021-06-05
811,811,0.0,USD,2024-08-06
812,812,8232.35,USD,2020-08-07
813,813,5508.62,USD,2022-12-24
814,814,7056.97,USD,2024-07-31
815,815,0.0,USD,2022-01-26
816,816,9400.96,USD,2024-08-06
817,817,1297.15,USD,2019-03-06
818,818,0.0,USD,2019-12-17
819,819,7305.0,USD,2024-08-06
820,820,7933.7,USD,2004-10-11
821,821,6249.01,USD,2024-08-06
822,822,7350.69,USD,2015-04-03
823,823,3229.16,USD,2024-08-06
824,824,0.0,USD,2024-04-18
825,825,1066.08,USD,2024-08-06
826,826,1590.49,USD,2024-08-06
827,827,8364.36,USD,2024-08-06
828,828,5000.4,USD,2012-12-24
829,829,1880.88,USD,2024-08-06
830,830,4651.07,USD,2010-10-09
831,831,5310.4,USD,2022-09-17
832,832,4859.06,USD,2022-01-03
833,833,357.27,USD,2022-05-23
834,834,1948.98,USD,2024-08-06
835,835,6042.78,USD,2024-08-06
836,836,3471.15,USD,2022-01-01
837,837,7787.08,USD,2024-07-25
838,838,3165.68,USD,2024-08-06
839,839,7906.35,USD,2021-09-29
840,840,5692.98,USD,2024-02-17
841,841,3298.28,USD,2024-08-06
842,842,3095.16,USD,2019-12-29
843,843,4109.28,USD,2024-08-01
844,844,831.29,USD,2021-07-14
845,845,7826.32,USD,2021-07-31
846,846,9191.03,USD,2024-08-06
847,847,6435.39,USD,2023-10-18
848,848,5931.59,USD,2024-08-06
849,849,7875.47,USD,2024-08-06
850,850,1032.27,USD,2015-07-16
851,851,0.0,USD,2024-08-06
852,852,7493.7,USD,2024-08-06
853,853,6893.77,USD,2022-11-10
854,854,0.0,USD,2024-08-06
855,855,1618.04,USD,2023-11-16
856,856,5696.87,USD,2024-08-06
857,857,8047.38,USD,2024-08-06
858,858,0.0,USD,2024-08-06
859,859,2496.17,USD,2019-01-10
860,860,0.0,USD,2024-08-06
861,861,883.56,USD,2024-08-06
862,862,1121.37,USD,2019-12-13
863,863,3141.32,USD,2015-08-14
864,864,3902.26,USD,2024-08-06
865,865,8358.4,USD,2024-08-06
866,866,4824.48,USD,2024-08-06
867,867,7660.79,USD,2020-06-26
868,868,2433.98,USD,2023-11-26
869,869,7022.37,USD,2024-08-06
870,870,0.0,USD,2024-08-06
871,871,9762.92,USD,2021-03-10
872,872,4195.91,USD,2024-08-06
873,873,8634.7,USD,2013-10-21
874,874,656.05,USD,2023-10-14
875,875,870.77,USD,2024-08-06
876,876,0.0,USD,2024-08-06
877,877,486.9,USD,2009-08-15
878,878,8612.9,USD,2024-08-06
879,879,8337.05,USD,2021-08-06
880,880,0.0,USD,2024-08-06
881,881,7481.9,USD,2022-04-01
882,882,8819.35,USD,2024-08-06
883,883,3091.88,USD,2024-08-06
884,884,0.0,USD,2013-09-10
885,885,7758.12,USD,2024-07-04
886,886,8844.48,USD,2024-08-06
887,887,6048.05,USD,2024-08-06
888,888,8008.81,USD,2022-03-09
889,889,8356.27,USD,2024-08-06
890,890,6584.27,USD,2024-08-06
891,891,8014.16,USD,2024-07-25
892,892,8961.96,USD,2016-11-06
893,893,2226.22,USD,2023-12-12
894,894,2149.26,USD,2024-08-06
895,895,6203.48,USD,2024-04-06
896,896,8825.66,USD,2024-08-06
897,897,8187.55,USD,2024-08-06
898,898,8186.92,USD,2023-01-25
899,899,1638.17,USD,2024-08-06
900,900,2713.41,USD,2024-08-06
901,901,9364.64,USD,2019-08-27
902,902,0.0,USD,2024-08-06
903,903,7274.89,USD,2017-06-16
904,904,0.0,USD,2011-11-24
905,905,7267.79,USD,2023-10-26
906,906,8456.25,USD,2024-07-28
907,907,6822.63,USD,2024-08-06
908,908,3001.2,USD,2024-08-06
909,909,8839.04,USD,2014-03-11
910,910,3377.2,USD,2024-08-06
911,911,9467.72,USD,2024-08-06
912,912,6510.2,USD,2023-07-06
913,913,2029.0,USD,2024-06-04
914,914,8569.72,USD,2024-08-06
915,915,7968.56,USD,2024-08-06
916,916,8838.2,USD,2023-08-24
917,917,6504.17,USD,2023-05-05
918,918,1534.46,USD,2013-04-15
919,919,827.51,USD,2018-10-07
920,920,1406.24,USD,2024-08-06
921,921,5335.63,USD,2024-08-06
922,922,4885.9,USD,2024-05-01
923,923,5891.37,USD,2024-08-06
924,924,4507.66,USD,2024-08-06
925,925,7183.7,USD,2003-09-05
926,926,5438.31,USD,2007-11-22
927,927,6537.98,USD,2024-05-06
928,928,8572.34,USD,2024-08-06
929,929,947.85,USD,2023-09-28
930,930,0.0,USD,2021-12-30
931,931,0.0,USD,2023-09-29
932,932,8509.55,USD,2024-07-08
933,933,2453.93,USD,2024-08-06
934,934,9701.64,USD,2024-08-06
935,935,0.0,USD,2018-09-17
936,936,4628.09,USD,2024-08-06
937,937,4225.1,USD,2021-10-06
938,938,9739.02,USD,2024-02-14
939,939,5609.87,USD,2010-03-06
940,940,0.0,USD,2023-08-08
941,941,536.07,USD,2019-07-18
942,942,8935.32,USD,2024-08-06
943,943,2822.95,USD,2022-11-25
944,944,4074.03,USD,2024-08-06
945,945,1530.43,USD,2022-09-19
946,946,9949.54,USD,2024-08-06
947,947,6454.11,USD,2024-08-06
948,948,9052.93,USD,2023-10-22
949,949,6236.1,USD,2023-10-22
950,950,8646.51,USD,2024-08-06
951,951,8747.13,USD,2023-03-20
952,952,9579.92,USD,2024-08-06
953,953,7624.17,USD,2024-08-06
954,954,0.0,USD,2024-08-06
955,955,9532.23,USD,2024-08-06
956,956,6700.4,USD,2024-08-06
957,957,7428.98,USD,2024-08-06
958,958,9264.78,USD,2020-05-12
959,959,9431.73,USD,2024-08-06
960,960,0.0,USD,2024-08-06
961,961,9787.57,USD,2009-04-09
962,962,140.1,USD,2024-08-06
963,963,5889.77,USD,2024-08-06
964,964,9607.97,USD,2023-10-11
965,965,0.0,USD,2007-07-08
966,966,6525.9,USD,2024-08-06
967,967,2000.96,USD,2024-08-06
968,968,1623.32,USD,2020-01-03
969,969,3428.53,USD,2019-01-10
970,970,5324.47,USD,2024-08-06
971,971,4142.55,USD,2019-03-07
972,972,3754.97,USD,2024-08-06
973,973,0.0,USD,2024-08-06
974,974,0.0,USD,2024-08-06
975,975,972.16,USD,2024-06-07
976,976,6474.61,USD,2024-07-11
977,977,3943.18,USD,2023-12-20
978,978,5157.53,USD,2022-07-11
979,979,615.57,USD,2024-08-06
980,980,9951.28,USD,2024-08-06
981,981,3010.77,USD,2024-08-06
982,982,7137.48,USD,2024-06-21
983,983,8039.31,USD,2024-07-03
984,984,1780.61,USD,2024-08-06
985,985,3795.96,USD,2024-08-06
986,986,3591.71,USD,2011-10-27
987,987,1798.57,USD,2024-07-07
988,988,0.0,USD,2023-09-06
989,989,6600.76,USD,2024-08-06
990,990,0.0,USD,2024-08-06
991,991,7567.87,USD,2023-12-30
992,992,6538.52,USD,2024-08-06
993,993,0.0,USD,2024-08-06
994,994,7393.25,USD,2020-12-17
995,995,1025.65,USD,2014-04-26
996,996,4210.23,USD,2024-08-06
997,997,5029.67,USD,2024-01-15
998,998,9687.22,USD,2024-08-06
999,999,4592.4,USD,2020-02-14
1000,1000,5438.45,USD,2024-08-06
1001,1001,0.0,USD,2024-08-06
1002,1002,5297.14,USD,2024-08-06
1003,1003,1865.58,USD,2020-04-08
1004,1004,100.23,USD,2024-02-22
1005,1005,8921.89,USD,2022-08-14
1006,1006,9321.02,USD,2022-02-15
1007,1007,272.64,USD,2022-01-22
1008,1008,1621.91,USD,2024-06-20
1009,1009,8818.72,USD,2024-08-06
1010,1010,5750.06,USD,1996-12-16
1011,1011,947.85,USD,2024-01-01
1012,1012,5272.32,USD,2022-08-26
1013,1013,8056.95,USD,2024-08-05
1014,1014,2672.6,USD,2024-08-06
1015,1015,4312.9,USD,2024-08-06
1016,1016,7403.43,USD,2023-09-14
1017,1017,3985.2,USD,2024-07-03
1018,1018,141.76,USD,2024-07-23
1019,1019,2919.91,USD,2024-08-06
1020,1020,5568.45,USD,2023-01-01
1021,1021,6910.59,USD,2023-04-12
1022,1022,4213.87,USD,2024-08-06
1023,1023,3243.73,USD,2024-06-10
1024,1024,7076.74,USD,2024-08-06
1025,1025,9754.72,USD,2020-03-27
1026,1026,8681.74,USD,2023-02-13
1027,1027,4985.91,USD,2024-08-06
1028,1028,1364.48,USD,2022-04-23
1029,1029,6639.65,USD,2023-10-04
1030,1030,2180.16,USD,2017-11-05
1031,1031,0.0,USD,2024-08-06
1032,1032,2347.52,USD,2023-05-01
1033,1033,6317.4,USD,2024-08-06
1034,1034,2309.55,USD,2024-08-06
1035,1035,7150.69,USD,2024-08-06
1036,1036,5092.04,USD,2015-05-27
1037,1037,4388.45,USD,2024-07-23
1038,1038,8056.69,USD,2024-08-06
1039,1039,4677.76,USD,2014-11-28
1040,1040,7236.54,USD,2023-12-27
1041,1041,6233.41,USD,2024-08-06
1042,1042,7468.66,USD,2024-08-06
1043,1043,0.0,USD,2024-08-06
1044,1044,0.0,USD,2024-07-30
1045,1045,0.0,USD,2024-08-06
1046,1046,8933.19,USD,2024-01-19
1047,1047,0.0,USD,2024-08-06
1048,1048,2216.06,USD,2023-12-05
1049,1049,6811.38,USD,2024-08-06
1050,1050,144.08,USD,2024-08-06
1051,1051,2238.19,USD,2020-09-10
1052,1052,7438.75,USD,2024-08-06
1053,1053,3144.34,USD,2005-09-08
1054,1054,2251.84,USD,2022-09-28
1055,1055,0.0,USD,2022-11-08
1056,1056,0.0,USD,2016-10-15
1057,1057,5618.34,USD,2024-08-06
1058,1058,8887.08,USD,2022-04-28
1059,1059,5454.21,USD,2023-09-28
1060,1060,2209.9,USD,2024-08-06
1061,1061,0.0,USD,2023-04-05
1062,1062,3002.92,USD,2022-09-01
1063,1063,1383.59,USD,2020-06-06
1064,1064,3375.96,USD,2024-08-06
1065,1065,598.08,USD,2024-05-30
1066,1066,0.0,USD,2024-05-16
1067,1067,6574.71,USD,2024-06-20
1068,1068,0.0,USD,2024-04-12
1069,1069,5355.86,USD,2024-08-06
1070,1070,1199.83,USD,2020-01-14
1071,1071,564.28,USD,2020-06-04
1072,1072,1553.96,USD,2024-08-06
1073,1073,8621.72,USD,2024-06-13
1074,1074,0.0,USD,2024-08-06
1075,1075,9633.05,USD,2024-08-01
1076,1076,3120.22,USD,2024-08-06
1077,1077,4467.0,USD,2024-04-10
1078,1078,1987.5,USD,2024-07-23
1079,1079,7296.34,USD,2024-08-06
1080,1080,5140.86,USD,2021-08-21
1081,1081,221.98,USD,2024-05-26
1082,1082,2409.44,USD,2024-08-06
1083,1083,179.53,USD,2024-08-06
1084,1084,4432.24,USD,2024-08-01
1085,1085,8724.62,USD,2022-08-08
1086,1086,8818.64,USD,2024-08-06
1087,1087,6067.36,USD,2023-11-23
1088,1088,9599.79,USD,2024-08-06
1089,1089,9122.95,USD,2024-08-06
1090,1090,5154.26,USD,2022-08-14
1091,1091,3994.09,USD,2024-08-06
1092,1092,3222.55,USD,2024-04-05
1093,1093,1752.28,USD,2024-08-06
1094,1094,5552.62,USD,2024-08-06
1095,1095,4791.03,USD,2024-08-06
1096,1096,199.86,USD,2023-01-15
1097,1097,434.98,USD,2023-12-09
1098,1098,2250.84,USD,2024-07-25
1099,1099,2671.84,USD,2023-04-24
1100,1100,4554.32,USD,2024-08-06
1101,1101,9032.54,USD,2024-08-06
1102,1102,9243.76,USD,2024-05-22
1103,1103,2770.7,USD,2023-09-25
1104,1104,6817.57,USD,2024-08-06
1105,1105,5605.4,USD,2024-05-21
1106,1106,9011.98,USD,2022-01-05
1107,1107,3094.9,USD,2018-12-11
1108,1108,4497.04,USD,2024-08-06
1109,1109,5989.45,USD,2021-07-27
1110,1110,0.0,USD,2024-01-03
1111,1111,4252.89,USD,2023-12-12
1112,1112,4239.64,USD,2024-08-06
1113,1113,2085.88,USD,2023-09-04
1114,1114,7443.23,USD,2023-08-29
1115,1115,8155.66,USD,2024-08-06
1116,1116,6548.18,USD,2024-08-06
1117,1117,5671.67,USD,2010-09-26
1118,1118,8815.77,USD,2023-07-30
1119,1119,8615.16,USD,2024-08-06
1120,1120,296.11,USD,2024-06-12
1121,1121,6823.37,USD,2024-08-06
1122,1122,304.19,USD,2023-12-09
1123,1123,4130.25,USD,2024-07-28
1124,1124,2088.91,USD,2024-06-28
1125,1125,0.0,USD,2023-08-22
1126,1126,2129.42,USD,2024-08-06
1127,1127,0.0,USD,2017-05-27
1128,1128,4413.1,USD,2022-11-25
1129,1129,553.12,USD,2024-03-26
1130,1130,7273.11,USD,2016-02-12
1131,1131,4964.89,USD,2024-07-27
1132,1132,8739.86,USD,2024-08-06
1133,1133,2804.84,USD,2024-08-06
1134,1134,9677.26,USD,2024-08-06
1135,1135,9633.56,USD,2020-08-31
1136,1136,3890.34,USD,2016-07-15
1137,1137,1627.71,USD,2024-08-06
1138,1138,1338.16,USD,2024-08-06
1139,1139,0.0,USD,2024-05-19
1140,1140,781.31,USD,2024-08-06
1141,1141,0.0,USD,2024-05-17
1142,1142,517.63,USD,2024-08-06
1143,1143,8697.13,USD,2024-08-06
1144,1144,3704.84,USD,2024-08-06
1145,1145,4727.89,USD,2024-08-05
1146,1146,4416.7,USD,2017-01-12
1147,1147,8039.01,USD,2024-08-06
1148,1148,4070.85,USD,2024-07-17
1149,1149,3634.94,USD,2018-11-21
1150,1150,6818.61,USD,2024-08-06
1151,1151,3899.01,USD,2022-05-15
1152,1152,6611.33,USD,2024-08-06
1153,1153,4635.35,USD,2024-08-06
1154,1154,5725.66,USD,2023-08-20
1155,1155,4085.44,USD,2011-10-20
1156,1156,2608.08,USD,2021-06-24
1157,1157,9440.74,USD,2023-12-03
1158,1158,5928.35,USD,2021-03-19
1159,1159,0.0,USD,2024-07-26
1160,1160,6397.3,USD,2024-07-24
1161,1161,2937.26,USD,2024-05-05
1162,1162,6396.46,USD,2016-01-31
1163,1163,5571.25,USD,2024-08-06
1164,1164,5855.59,USD,2023-02-26
1165,1165,5437.27,USD,2021-03-15
1166,1166,2649.15,USD,2024-08-06
1167,1167,6579.07,USD,2020-12-03
1168,1168,899.27,USD,2024-06-29
1169,1169,3178.89,USD,2019-10-08
1170,1170,3105.77,USD,2024-04-09
1171,1171,4400.54,USD,2024-08-06
1172,1172,127.09,USD,2024-08-06
1173,1173,2126.14,USD,2016-08-25
1174,1174,8554.53,USD,2024-07-20
1175,1175,7940.35,USD,2024-07-28
1176,1176,231.4,USD,2024-07-04
1177,1177,6106.64,USD,2024-08-06
1178,1178,5199.18,USD,2024-08-06
1179,1179,1064.48,USD,2024-08-06
1180,1180,7442.99,USD,2024-08-06
1181,1181,3686.11,USD,2024-05-07
1182,1182,3883.92,USD,2023-08-12
1183,1183,3721.81,USD,2024-07-14
1184,1184,0.0,USD,2023-07-28
1185,1185,6122.27,USD,2014-07-10
1186,1186,8353.67,USD,2024-05-19
1187,1187,8440.1,USD,2024-03-11
1188,1188,0.0,USD,2023-10-27
1189,1189,3194.42,USD,2024-03-18
1190,1190,0.0,USD,2024-08-06
1191,1191,8985.93,USD,2019-06-07
1192,1192,680.59,USD,2024-08-06
1193,1193,6267.3,USD,2024-08-06
1194,1194,7034.87,USD,2024-08-06
1195,1195,0.0,USD,2024-08-06
1196,1196,9561.92,USD,2023-06-19
1197,1197,4230.44,USD,2024-08-06
1198,1198,4204.75,USD,2024-08-05
1199,1199,6314.22,USD,2024-08-06
1200,1200,3467.66,USD,2024-08-06
