1,1,Passport,764-88-6106,2013-06-09,2027-07-29,Verified,2018-03-06,2021-12-26
2,2,Citizenship Certificate,402-89-7985,1999-12-30,2013-10-30,Rejected,2001-06-15,2007-08-10
3,3,Driver License,712-86-7750,1991-08-02,2011-06-21,Rejected,2008-03-14,2009-01-20
4,4,Passport,746-10-2521,2011-01-13,2025-06-20,Verified,2013-07-23,2015-11-27
5,5,Passport,092-45-5525,2003-03-05,2018-03-10,Rejected,2010-09-29,2017-10-07
6,6,Passport,262-85-0225,1992-09-22,2004-04-09,Rejected,2002-05-28,2003-03-07
7,7,Driver License,100-14-5382,1984-04-28,1996-12-29,Rejected,2023-11-24,2023-11-24
8,8,Driver License,260-59-0962,2009-02-20,2026-07-09,Verified,2024-04-19,2026-04-01
9,9,Driver License,578-45-8495,1984-12-20,1998-01-11,Rejected,1996-04-11,1996-09-16
10,10,Driver License,417-17-5382,2016-03-06,2028-09-22,Verified,2022-03-24,2023-06-03
11,11,Citizenship Certificate,687-65-3590,2021-08-19,2036-11-15,Verified,2024-07-01,2032-08-26
12,12,Passport,352-73-5900,2021-08-06,2037-09-06,Verified,2022-06-02,2025-01-19
13,13,Citizenship Certificate,634-90-4250,2019-08-24,2034-02-28,Verified,2020-03-13,2032-05-20
14,14,Passport,055-19-7547,2018-10-20,2036-10-01,Pending,2019-08-18,2031-05-02
15,15,Driver License,258-59-7694,2023-01-15,2037-09-06,Rejected,2024-03-22,2029-09-27
16,16,Driver License,060-07-9790,1975-04-18,1988-04-28,Rejected,2005-05-18,2005-05-18
17,17,Passport,437-09-6849,1971-03-11,1984-02-02,Rejected,1978-04-07,1980-09-13
18,18,Driver License,758-28-0675,2021-12-18,2040-09-11,Verified,2023-01-29,2030-09-05
19,19,Citizenship Certificate,404-72-9245,2018-10-08,2029-10-30,Verified,2020-01-14,2029-06-23
20,20,Driver License,211-76-8475,1983-02-11,1994-12-16,Rejected,2014-12-27,2014-12-27
21,21,Passport,836-22-3847,2016-06-24,2032-12-30,Verified,2021-04-07,2027-03-25
22,22,Citizenship Certificate,073-66-4391,1986-07-07,2005-05-12,Rejected,1988-12-04,1989-02-05
23,23,Driver License,042-44-7801,1993-09-29,2007-11-12,Rejected,1994-05-17,2004-05-04
24,24,Citizenship Certificate,127-08-4984,2009-06-25,2027-12-12,Verified,2012-02-07,2027-11-04
25,25,Driver License,620-39-9235,1975-03-29,1995-03-22,Rejected,1975-05-05,1993-10-10
26,26,Citizenship Certificate,850-10-6181,2002-02-21,2019-07-03,Rejected,2013-01-27,2013-03-29
27,27,Passport,244-95-7288,2014-02-09,2025-12-07,Verified,2018-01-28,2023-01-19
28,28,Passport,565-20-2628,2021-09-22,2036-08-15,Verified,2022-04-05,2032-11-12
29,29,Passport,091-55-3303,1982-05-07,1997-07-21,Rejected,1991-11-24,1996-10-18
30,30,Driver License,693-64-1865,2017-12-18,2029-05-22,Verified,2019-05-15,2024-09-24
31,31,Driver License,725-31-8558,1988-12-14,2006-03-20,Rejected,2009-06-13,2009-06-13
32,32,Driver License,875-10-5790,2013-11-14,2033-02-05,Verified,2014-11-16,2026-01-04
33,33,Citizenship Certificate,208-76-0438,2000-01-24,2013-07-27,Rejected,2024-05-19,2024-05-19
34,34,Passport,524-24-5363,2013-09-23,2027-03-10,Verified,2017-09-24,2018-12-04
35,35,Driver License,685-58-1422,2003-02-02,2020-10-16,Rejected,2006-08-07,2016-02-15
36,36,Citizenship Certificate,027-30-5107,1997-09-23,2017-09-14,Rejected,2019-05-23,2019-05-23
37,37,Passport,173-42-5159,2001-08-22,2021-01-12,Rejected,2004-08-17,2019-01-18
38,38,Citizenship Certificate,372-18-0626,2007-09-01,2019-08-29,Rejected,2010-06-15,2012-01-17
39,39,Citizenship Certificate,398-24-3869,1982-01-02,2001-06-16,Rejected,1991-01-05,1997-04-22
40,40,Driver License,180-58-7397,2003-07-31,2015-06-10,Rejected,2013-04-12,2015-03-18
41,41,Driver License,820-65-3629,1984-04-15,1997-01-03,Rejected,2017-02-24,2017-02-24
42,42,Driver License,608-98-9867,2003-11-18,2015-10-09,Rejected,2013-01-15,2013-04-25
43,43,Driver License,036-90-2654,2018-11-28,2034-01-04,Verified,2022-01-06,2025-06-07
44,44,Passport,104-69-0406,2011-03-06,2021-08-03,Rejected,2012-04-02,2020-01-01
45,45,Passport,389-58-6125,1995-02-20,2008-08-17,Rejected,2000-01-13,2003-02-10
46,46,Driver License,091-02-1596,1985-12-24,2003-06-15,Rejected,1989-08-09,1994-04-04
47,47,Driver License,745-23-8982,2003-04-08,2021-04-02,Rejected,2009-07-28,2010-01-07
48,48,Citizenship Certificate,061-21-3784,1989-08-08,2008-04-22,Rejected,1994-03-04,2003-02-22
49,49,Citizenship Certificate,644-46-7952,1990-08-13,2003-12-09,Rejected,1993-05-26,1997-07-19
50,50,Driver License,545-95-4383,1972-05-08,1986-08-17,Rejected,1977-11-04,1981-01-30
51,51,Driver License,432-45-5166,1987-03-21,2002-03-31,Rejected,1988-11-03,1993-11-24
52,52,Passport,798-94-9846,2007-11-25,2018-02-14,Rejected,2018-01-04,2018-01-20
53,53,Driver License,362-58-7069,2005-11-04,2016-02-01,Rejected,2018-09-18,2018-09-18
54,54,Passport,785-45-8748,2015-02-27,2026-10-02,Verified,2024-03-17,2024-04-27
55,55,Citizenship Certificate,859-99-2787,2021-11-10,2041-05-20,Verified,2024-07-05,2031-05-28
56,56,Driver License,477-81-2813,1981-09-21,1996-07-09,Rejected,1997-11-19,1997-11-19
57,57,Citizenship Certificate,009-94-5625,2022-09-17,2036-10-04,Verified,2023-12-27,2033-06-13
58,58,Driver License,251-22-5978,2019-12-22,2033-06-17,Verified,2021-02-25,2031-12-23
59,59,Passport,583-70-1530,2002-11-04,2020-09-21,Rejected,2019-08-07,2020-06-24
60,60,Passport,802-02-4482,2020-02-23,2033-05-09,Verified,2024-04-30,2030-08-25
61,61,Driver License,134-90-0471,2015-04-25,2028-02-14,Rejected,2024-02-23,2025-09-22
62,62,Passport,849-50-5109,1957-02-01,1970-08-19,Rejected,1963-04-16,1964-07-16
63,63,Citizenship Certificate,274-83-1817,2007-03-08,2017-11-28,Rejected,2016-07-05,2017-04-27
64,64,Citizenship Certificate,371-13-8986,2018-12-12,2034-11-18,Rejected,2022-08-14,2028-08-05
65,65,Passport,856-88-5263,2019-12-20,2035-05-31,Verified,2021-11-25,2024-08-06
66,66,Citizenship Certificate,413-86-7623,2013-10-15,2031-06-16,Pending,2015-07-25,2020-10-05
67,67,Passport,705-69-6347,1982-04-20,1995-10-24,Rejected,1983-01-10,1987-01-23
68,68,Passport,080-93-8207,2011-07-06,2022-02-02,Rejected,2013-05-22,2013-05-27
69,69,Driver License,582-20-4717,1968-10-08,1986-11-21,Rejected,1986-06-04,1986-06-17
70,70,Citizenship Certificate,573-44-1349,1997-05-05,2010-10-09,Rejected,2003-12-19,2006-03-03
71,71,Passport,482-29-4933,1999-04-16,2017-04-23,Rejected,2010-05-31,2015-03-14
72,72,Citizenship Certificate,005-14-8354,1986-07-06,2004-05-24,Rejected,1989-09-04,2000-12-12
73,73,Driver License,173-09-0415,2020-06-20,2036-12-25,Rejected,2023-08-29,2033-11-04
74,74,Citizenship Certificate,305-02-1719,1979-07-20,1998-12-20,Rejected,1982-06-24,1983-09-07
75,75,Citizenship Certificate,402-22-8446,2021-05-22,2038-04-23,Verified,2022-06-19,2035-03-23
76,76,Citizenship Certificate,797-47-7449,2022-09-19,2034-05-23,Verified,2023-11-14,2033-03-15
77,77,Passport,314-92-1161,1993-12-22,2013-06-27,Rejected,1994-12-29,2010-05-07
78,78,Driver License,782-85-7941,2016-01-05,2032-06-11,Pending,2021-03-14,2024-12-30
79,79,Citizenship Certificate,013-10-9179,2012-09-03,2029-07-14,Verified,2022-09-06,2026-09-23
80,80,Driver License,099-05-2460,2002-02-26,2016-11-19,Rejected,2004-01-26,2013-06-05
81,81,Citizenship Certificate,407-32-4935,1995-09-11,2010-03-25,Rejected,1998-08-22,2007-10-12
82,82,Citizenship Certificate,213-20-2730,2013-07-19,2029-02-25,Pending,2014-12-25,2020-01-08
83,83,Citizenship Certificate,423-44-1881,1975-03-22,1986-03-05,Rejected,1976-07-07,1976-08-19
84,84,Driver License,528-27-7604,2017-07-08,2034-02-25,Verified,2018-08-19,2019-06-08
85,85,Driver License,409-44-1575,2017-06-23,2036-03-08,Pending,2020-12-17,2028-03-27
86,86,Citizenship Certificate,371-67-5340,2019-04-27,2037-05-06,Verified,2021-05-30,2027-10-02
87,87,Passport,303-16-3201,2023-05-28,2043-02-17,Pending,2024-05-09,2025-12-15
88,88,Driver License,711-33-1823,1966-05-05,1984-03-14,Rejected,2009-02-15,2009-02-15
89,89,Citizenship Certificate,664-05-7155,2003-01-23,2023-01-07,Rejected,2006-07-31,2012-09-15
90,90,Passport,052-63-7555,1999-07-02,2016-12-17,Rejected,2001-12-15,2003-12-03
91,91,Driver License,496-82-9300,1987-12-11,2000-01-25,Rejected,1989-07-28,1989-12-15
92,92,Citizenship Certificate,886-14-9946,1994-02-28,2007-01-10,Rejected,1997-11-14,1998-10-26
93,93,Citizenship Certificate,044-55-2662,2009-07-26,2019-12-04,Rejected,2015-06-27,2015-08-05
94,94,Passport,506-38-3958,2004-01-11,2021-06-29,Rejected,2005-04-22,2010-07-21
95,95,Citizenship Certificate,667-37-6707,1994-02-06,2005-07-24,Rejected,2016-12-12,2016-12-12
96,96,Passport,208-28-7213,2006-10-21,2017-08-27,Rejected,2017-10-20,2017-10-20
97,97,Citizenship Certificate,336-45-9817,2023-01-24,2038-05-12,Pending,2024-02-14,2026-02-28
98,98,Passport,433-11-2134,2019-02-06,2038-09-20,Rejected,2020-05-26,2030-10-14
99,99,Passport,054-98-4431,2016-04-10,2033-01-12,Verified,2021-09-08,2024-10-23
100,100,Citizenship Certificate,841-10-7951,2001-10-13,2017-03-23,Rejected,2019-05-17,2019-05-17
101,101,Passport,610-71-2132,2009-02-16,2027-02-05,Verified,2010-10-14,2019-10-28
102,102,Driver License,828-75-7807,2013-05-13,2032-08-10,Rejected,2021-05-14,2024-03-11
103,103,Citizenship Certificate,551-16-2918,2007-12-04,2024-03-13,Rejected,2011-06-12,2011-07-09
104,104,Passport,537-11-6688,2022-10-23,2038-10-19,Verified,2024-02-14,2024-10-25
105,105,Passport,608-84-3084,1971-03-31,1987-02-14,Rejected,1980-10-04,1981-12-12
106,106,Driver License,837-62-4355,2022-02-27,2040-01-18,Rejected,2023-03-06,2026-11-14
107,107,Passport,124-11-6057,2016-09-12,2030-11-10,Verified,2016-11-05,2026-01-09
108,108,Driver License,734-20-8459,2010-08-07,2029-02-18,Verified,2013-01-03,2018-03-24
109,109,Passport,710-12-9547,2004-11-07,2018-03-14,Rejected,2009-08-12,2013-07-28
110,110,Driver License,691-86-5052,2018-11-21,2032-03-18,Pending,2021-05-06,2025-10-19
111,111,Driver License,869-89-3176,2021-04-11,2040-12-19,Verified,2022-07-07,2026-12-24
112,112,Driver License,589-58-9901,1997-11-05,2012-05-18,Rejected,2016-11-08,2016-11-08
113,113,Passport,598-59-6930,2014-06-08,2033-08-29,Pending,2018-02-12,2021-11-25
114,114,Citizenship Certificate,721-88-9557,2020-07-15,2037-12-25,Verified,2021-12-22,2036-12-12
115,115,Driver License,405-27-2828,2018-02-26,2037-12-12,Rejected,2018-09-01,2019-06-13
116,116,Passport,826-29-0493,2002-12-17,2022-03-14,Rejected,2005-06-16,2016-05-21
117,117,Passport,660-76-0487,2017-12-23,2028-06-23,Pending,2023-03-07,2026-05-01
118,118,Citizenship Certificate,105-05-2589,2010-06-24,2025-08-21,Rejected,2014-03-27,2019-05-08
119,119,Citizenship Certificate,437-32-5842,2008-01-12,2026-08-09,Verified,2013-10-08,2024-08-03
120,120,Citizenship Certificate,472-23-9284,2023-12-09,2040-10-31,Rejected,2024-03-09,2027-06-02
121,121,Passport,248-52-5079,1976-07-02,1993-03-15,Rejected,2003-05-30,2003-05-30
122,122,Citizenship Certificate,846-76-6881,2013-08-26,2025-02-17,Verified,2021-05-31,2022-07-20
123,123,Driver License,685-66-7143,2019-04-12,2033-07-23,Verified,2021-02-08,2021-03-12
124,124,Passport,245-62-3223,1983-10-26,1999-09-19,Rejected,1983-11-19,1996-01-05
125,125,Driver License,260-91-0349,2022-08-17,2035-07-17,Verified,2023-03-01,2030-03-23
126,126,Citizenship Certificate,075-62-7859,1965-04-26,1980-09-30,Rejected,1978-06-18,1978-11-06
127,127,Driver License,882-24-4001,1996-10-25,2014-07-30,Rejected,2005-04-20,2012-03-16
128,128,Passport,206-84-6864,2018-04-29,2031-12-27,Verified,2023-04-05,2024-03-13
129,129,Driver License,287-73-7223,1998-08-21,2009-07-22,Rejected,2024-01-30,2024-01-30
130,130,Driver License,174-88-5351,1980-08-10,1992-12-04,Rejected,1981-10-31,1983-02-16
131,131,Driver License,129-09-3476,2002-09-03,2016-05-30,Rejected,2023-08-22,2023-08-22
132,132,Passport,136-75-9156,1999-12-29,2014-05-20,Rejected,2012-08-11,2014-02-23
133,133,Passport,231-28-0414,2001-12-02,2016-04-20,Rejected,2006-10-06,2016-01-09
134,134,Driver License,150-07-6538,1987-12-19,2003-05-24,Rejected,1989-06-21,1989-11-09
135,135,Passport,331-44-8831,2013-11-08,2023-11-13,Rejected,2016-11-02,2019-01-19
136,136,Citizenship Certificate,882-37-7536,2004-07-12,2021-05-08,Rejected,2024-02-25,2024-02-25
137,137,Driver License,554-06-8835,1988-03-25,1999-04-02,Rejected,2021-06-24,2021-06-24
138,138,Passport,033-47-3620,2007-03-21,2025-09-08,Verified,2008-02-02,2016-11-07
139,139,Passport,437-71-4160,2000-07-18,2011-03-26,Rejected,2014-07-12,2014-07-12
140,140,Passport,171-81-5535,2023-01-13,2034-02-18,Verified,2024-04-19,2025-05-14
141,141,Driver License,842-47-2512,2006-06-04,2020-10-25,Rejected,2007-07-04,2014-09-17
142,142,Citizenship Certificate,141-29-1089,2023-02-26,2033-10-07,Pending,2023-06-02,2030-07-09
143,143,Citizenship Certificate,222-22-4178,2012-04-27,2031-01-14,Verified,2013-05-16,2025-02-04
144,144,Driver License,857-10-0411,1983-11-09,2002-03-04,Rejected,1984-07-07,1999-09-19
145,145,Driver License,614-36-8796,2017-11-14,2028-12-16,Verified,2020-01-01,2023-10-28
146,146,Passport,191-99-0482,1985-07-09,1995-09-25,Rejected,1985-09-02,1988-09-13
147,147,Driver License,861-93-9034,2003-02-20,2020-07-13,Rejected,2003-06-17,2004-03-19
148,148,Driver License,087-36-6995,1976-08-07,1990-07-03,Rejected,1976-10-23,1976-12-07
149,149,Passport,091-48-3291,2023-01-11,2036-12-15,Rejected,2024-01-24,2028-03-26
150,150,Citizenship Certificate,771-19-5523,2019-01-30,2037-05-08,Rejected,2020-02-21,2031-07-18
151,151,Driver License,135-40-3030,1990-10-05,2009-11-29,Rejected,2010-08-25,2010-08-25
152,152,Passport,776-46-3170,2004-09-04,2023-12-29,Rejected,2008-05-28,2018-09-20
153,153,Passport,405-44-2157,1997-09-18,2010-09-27,Rejected,2018-11-25,2018-11-25
154,154,Passport,717-89-2324,1992-06-14,2009-11-07,Rejected,1996-04-02,2001-03-26
155,155,Driver License,215-24-2816,1988-04-16,2001-04-22,Rejected,2004-03-19,2004-03-19
156,156,Passport,230-39-4519,1990-06-28,2004-05-08,Rejected,1992-10-26,1993-01-07
157,157,Passport,639-16-9668,1999-04-12,2013-03-15,Rejected,2007-03-20,2009-12-25
158,158,Passport,692-98-2512,2011-04-22,2024-03-08,Rejected,2013-11-06,2023-06-16
159,159,Driver License,209-20-5319,2012-08-10,2023-01-06,Rejected,2015-02-21,2020-01-22
160,160,Citizenship Certificate,759-24-9178,2017-08-30,2031-09-04,Pending,2019-02-07,2021-06-23
161,161,Driver License,102-35-9348,2020-12-24,2035-03-09,Verified,2022-10-18,2031-10-21
162,162,Driver License,295-81-3236,1994-03-12,2008-02-19,Rejected,1997-03-31,2006-08-26
163,163,Citizenship Certificate,567-52-3062,2016-08-28,2032-07-20,Rejected,2019-03-29,2030-03-19
164,164,Passport,180-05-7437,1987-12-30,2007-10-05,Rejected,1988-10-29,1993-03-29
165,165,Driver License,305-73-1896,2010-08-17,2021-02-10,Rejected,2011-07-16,2014-08-31
166,166,Driver License,105-19-7806,2020-09-20,2037-09-14,Pending,2023-08-30,2034-04-18
167,167,Passport,842-94-9445,2011-09-06,2024-06-06,Rejected,2015-08-11,2015-11-20
168,168,Driver License,789-33-1878,2020-04-09,2033-04-30,Verified,2021-07-23,2030-08-30
169,169,Passport,742-82-3749,2023-02-17,2033-05-02,Pending,2024-06-18,2028-05-10
170,170,Citizenship Certificate,429-85-7544,2018-05-01,2032-06-08,Verified,2023-02-05,2032-05-01
171,171,Passport,377-34-4335,2018-02-13,2037-07-30,Verified,2019-12-17,2033-06-10
172,172,Passport,649-83-0502,2022-05-02,2034-12-28,Verified,2023-12-05,2029-09-05
173,173,Citizenship Certificate,612-62-5675,1993-01-19,2011-01-06,Rejected,1998-11-05,2010-07-12
174,174,Passport,025-15-6081,2023-10-27,2036-02-25,Verified,2024-03-25,2031-12-12
175,175,Driver License,072-20-4378,1999-07-13,2019-03-09,Rejected,1999-12-05,2018-02-11
176,176,Driver License,852-25-0831,2010-08-08,2030-03-15,Verified,2013-01-09,2020-03-19
177,177,Citizenship Certificate,525-06-8490,2022-04-14,2036-10-24,Verified,2023-07-17,2028-10-11
178,178,Passport,425-25-7813,2008-08-27,2026-06-30,Verified,2013-02-09,2019-05-13
179,179,Citizenship Certificate,546-43-5498,2016-02-05,2035-06-21,Verified,2019-11-07,2023-03-01
180,180,Passport,121-41-9433,2015-03-29,2031-05-09,Pending,2021-03-11,2024-01-24
181,181,Driver License,792-28-8340,1987-12-03,1999-03-29,Rejected,1989-07-17,1992-07-21
182,182,Passport,777-54-3273,2020-02-27,2036-04-23,Verified,2021-01-27,2032-06-18
183,183,Driver License,715-19-1302,1984-12-07,1998-12-17,Rejected,2004-01-08,2004-01-08
184,184,Driver License,308-93-2270,1988-09-28,2005-06-09,Rejected,2004-02-29,2004-07-03
185,185,Passport,210-93-1708,1984-09-05,1997-04-05,Rejected,1988-11-11,1991-10-31
186,186,Citizenship Certificate,484-26-2733,1975-12-07,1992-09-02,Rejected,1986-03-05,1990-01-18
187,187,Passport,342-03-7100,2017-05-23,2037-04-13,Verified,2021-01-25,2028-03-29
188,188,Passport,849-46-7111,1994-11-11,2013-06-30,Rejected,1996-04-25,2009-12-16
189,189,Citizenship Certificate,650-90-9706,2022-01-31,2038-07-21,Verified,2022-08-02,2032-12-01
190,190,Driver License,843-59-0797,2001-04-08,2020-07-31,Rejected,2002-07-27,2013-06-07
191,191,Passport,646-82-5686,2008-05-25,2022-09-18,Rejected,2016-01-07,2016-04-28
192,192,Citizenship Certificate,067-09-2093,2009-06-12,2024-03-06,Rejected,2013-08-09,2022-02-14
193,193,Citizenship Certificate,654-35-8000,1975-06-05,1994-06-01,Rejected,1984-06-13,1985-06-29
194,194,Driver License,887-64-4769,2023-09-17,2037-03-10,Verified,2024-06-30,2027-06-21
195,195,Passport,399-09-3393,2017-05-20,2028-08-21,Verified,2022-01-20,2024-01-04
196,196,Passport,605-13-1702,2005-08-16,2021-08-14,Rejected,2016-07-17,2018-08-11
197,197,Citizenship Certificate,459-24-0658,2011-08-31,2024-06-15,Rejected,2021-05-15,2022-11-28
198,198,Passport,518-76-5834,2011-04-17,2026-11-23,Verified,2022-08-07,2023-01-16
199,199,Passport,471-75-7458,1997-11-19,2014-10-18,Rejected,1999-08-12,2010-05-15
200,200,Passport,837-76-5547,1983-06-22,2000-02-01,Rejected,1995-06-06,1997-05-15
201,201,Passport,042-08-1636,2002-04-15,2019-09-22,Rejected,2005-11-03,2009-09-14
202,202,Citizenship Certificate,037-16-2456,2002-04-06,2018-03-30,Rejected,2018-09-16,2018-09-16
203,203,Citizenship Certificate,517-70-1196,1975-01-22,1993-11-03,Rejected,1977-01-15,1987-07-15
204,204,Driver License,693-45-6818,2010-10-18,2024-08-29,Verified,2012-04-14,2017-05-14
205,205,Citizenship Certificate,059-03-2182,2017-04-19,2035-08-16,Verified,2017-12-25,2026-03-21
206,206,Driver License,426-84-5807,1977-08-15,1993-04-24,Rejected,1978-04-29,1981-12-02
207,207,Driver License,803-06-0792,1984-07-13,1996-11-09,Rejected,2000-07-11,2000-07-11
208,208,Citizenship Certificate,663-42-2143,1990-07-13,2005-10-24,Rejected,1995-05-27,2003-10-22
209,209,Citizenship Certificate,899-62-6773,2001-10-20,2014-08-26,Rejected,2014-05-13,2014-06-05
210,210,Citizenship Certificate,482-42-9410,1981-08-01,2001-04-01,Rejected,2007-08-29,2007-08-29
211,211,Passport,574-28-0926,2006-02-06,2019-01-20,Rejected,2014-08-16,2014-11-07
212,212,Citizenship Certificate,116-03-8516,2009-01-27,2026-05-30,Pending,2014-07-30,2022-04-21
213,213,Citizenship Certificate,775-38-2180,1994-01-28,2013-08-08,Rejected,1999-10-07,2009-07-22
214,214,Passport,286-44-7533,1984-05-15,2001-07-02,Rejected,1987-12-19,1998-11-18
215,215,Passport,572-89-4586,1979-06-26,1999-03-08,Rejected,1989-11-27,1997-04-28
216,216,Driver License,587-06-2256,1987-05-02,2001-09-09,Rejected,1991-10-17,1994-09-16
217,217,Passport,619-37-2921,1988-02-04,2004-10-11,Rejected,1990-04-18,1997-11-27
218,218,Passport,331-77-0508,2006-04-15,2017-12-17,Rejected,2023-01-10,2023-01-10
219,219,Driver License,079-83-4844,2021-05-01,2035-04-29,Verified,2023-04-15,2031-02-28
220,220,Passport,639-54-2196,2022-01-30,2033-03-29,Pending,2023-02-20,2029-09-11
221,221,Driver License,869-62-9003,1994-02-08,2009-10-07,Rejected,1997-04-03,2003-08-08
222,222,Passport,810-97-1015,2011-03-17,2023-01-07,Rejected,2016-02-15,2022-06-14
223,223,Passport,225-60-3712,2001-06-23,2013-08-23,Rejected,2009-07-12,2012-03-08
224,224,Driver License,230-07-8689,2023-12-27,2037-07-03,Pending,2024-01-06,2029-09-23
225,225,Citizenship Certificate,187-57-0946,2014-09-08,2029-06-24,Verified,2016-08-20,2029-01-19
226,226,Driver License,034-28-6760,1994-03-11,2009-04-13,Rejected,1997-09-06,2001-11-17
227,227,Driver License,376-54-6605,2006-10-20,2018-04-05,Rejected,2007-10-26,2013-02-15
228,228,Citizenship Certificate,648-78-3275,2012-03-30,2030-06-21,Rejected,2016-09-07,2030-05-12
229,229,Passport,427-05-2384,2017-12-16,2036-07-04,Rejected,2021-04-09,2022-01-06
230,230,Driver License,205-16-8406,2001-11-17,2012-08-09,Rejected,2005-08-28,2009-03-08
231,231,Passport,201-58-3055,2021-07-25,2036-01-04,Verified,2022-11-27,2031-12-14
232,232,Citizenship Certificate,388-27-0195,2019-07-12,2033-01-30,Verified,2022-07-15,2025-06-24
233,233,Driver License,754-49-1859,2019-03-02,2030-12-26,Verified,2020-10-14,2030-04-27
234,234,Citizenship Certificate,126-22-2505,2004-11-15,2024-01-04,Rejected,2014-07-15,2015-08-29
235,235,Citizenship Certificate,479-94-0937,2004-10-21,2024-01-11,Rejected,2011-05-24,2016-06-02
236,236,Citizenship Certificate,009-67-8474,2007-12-07,2024-10-05,Verified,2023-12-28,2024-03-08
237,237,Passport,769-40-1668,2009-02-28,2028-01-04,Verified,2015-11-08,2027-09-01
238,238,Driver License,277-43-5619,2015-04-24,2034-09-17,Verified,2021-10-24,2029-04-06
239,239,Driver License,357-30-0068,2006-04-09,2023-08-24,Rejected,2009-10-10,2016-12-06
240,240,Driver License,463-16-8107,1994-01-17,2005-03-25,Rejected,1999-01-31,2000-06-30
241,241,Passport,777-83-4141,2008-08-01,2023-07-13,Rejected,2012-02-28,2016-02-13
242,242,Citizenship Certificate,147-58-3678,1993-05-07,2011-03-29,Rejected,2009-02-25,2009-06-21
243,243,Passport,544-49-5330,2018-10-08,2032-08-31,Verified,2019-11-22,2031-06-17
244,244,Citizenship Certificate,429-16-8918,2000-08-04,2013-01-27,Rejected,2002-08-16,2005-02-17
245,245,Citizenship Certificate,274-15-2878,1990-06-29,2005-10-02,Rejected,2006-03-09,2006-03-09
246,246,Citizenship Certificate,228-70-5681,2018-04-19,2030-04-22,Rejected,2019-11-14,2026-11-03
247,247,Driver License,397-23-3198,2018-02-13,2031-05-19,Verified,2023-01-19,2023-04-17
248,248,Citizenship Certificate,182-94-2531,1990-04-30,2005-02-07,Rejected,1992-07-12,1993-06-01
249,249,Driver License,196-11-5646,2024-05-20,2037-03-11,Verified,2024-06-22,2036-09-24
250,250,Citizenship Certificate,017-32-8861,1976-02-18,1991-07-12,Rejected,1977-11-06,1990-11-08
251,251,Driver License,085-86-6849,1990-07-31,2007-12-02,Rejected,1994-07-19,2005-03-22
252,252,Passport,081-04-3927,2004-12-30,2018-01-29,Rejected,2006-04-05,2007-02-12
253,253,Passport,799-20-4020,1968-07-18,1981-02-04,Rejected,2004-11-09,2004-11-09
254,254,Citizenship Certificate,840-45-2616,1963-05-05,1976-05-27,Rejected,1972-11-30,1974-09-09
255,255,Passport,243-25-0585,2021-07-14,2041-01-06,Verified,2023-09-15,2032-10-17
256,256,Passport,397-37-1709,1991-09-02,2007-06-02,Rejected,2002-11-13,2003-05-13
257,257,Passport,343-14-4138,1984-04-12,1994-06-02,Rejected,2002-02-23,2002-02-23
258,258,Passport,321-03-5545,1980-09-28,1995-03-31,Rejected,1985-06-02,1990-09-29
259,259,Citizenship Certificate,065-05-5447,2017-09-06,2035-03-10,Pending,2022-09-05,2030-11-07
260,260,Driver License,809-68-5084,1996-06-30,2009-12-02,Rejected,1999-07-30,2001-03-18
261,261,Citizenship Certificate,139-44-2159,2006-10-08,2024-07-25,Rejected,2008-07-07,2017-12-08
262,262,Citizenship Certificate,859-03-2407,2003-03-17,2018-06-18,Rejected,2007-07-07,2011-02-23
263,263,Driver License,479-70-3025,2019-04-04,2031-02-24,Verified,2020-10-04,2024-08-13
264,264,Driver License,380-48-4208,2019-08-20,2031-07-21,Verified,2023-07-01,2027-10-14
265,265,Citizenship Certificate,717-27-4572,1995-05-02,2014-10-22,Rejected,2020-07-09,2020-07-09
266,266,Passport,130-43-9317,1999-11-01,2018-12-20,Rejected,2004-03-22,2013-05-13
267,267,Citizenship Certificate,184-72-3320,2002-06-05,2022-03-27,Rejected,2021-05-03,2021-06-13
268,268,Driver License,754-26-5871,1976-10-28,1994-07-15,Rejected,1976-11-04,1983-08-30
269,269,Citizenship Certificate,349-40-2605,1989-11-04,2000-02-12,Rejected,1999-01-10,2000-01-01
270,270,Citizenship Certificate,444-98-7968,2016-07-30,2031-06-30,Verified,2017-12-28,2018-03-26
271,271,Citizenship Certificate,380-51-0256,2001-05-21,2020-06-19,Rejected,2004-04-21,2010-11-12
272,272,Passport,721-97-4230,2017-12-12,2027-12-12,Pending,2020-01-24,2026-10-17
273,273,Driver License,038-07-9973,2004-07-30,2018-04-15,Rejected,2023-10-14,2023-10-14
274,274,Driver License,175-15-7193,2006-03-03,2024-12-24,Verified,2016-08-10,2023-02-18
275,275,Passport,754-26-2657,1999-09-05,2011-03-13,Rejected,2016-05-27,2016-05-27
276,276,Driver License,730-66-9773,2021-02-16,2040-01-20,Verified,2022-01-17,2034-05-27
277,277,Citizenship Certificate,647-44-8966,1983-12-21,1994-10-26,Rejected,1985-07-26,1994-06-19
278,278,Driver License,880-30-0686,1983-01-03,1994-08-15,Rejected,1996-09-18,1996-09-18
279,279,Driver License,713-40-0830,1992-11-16,2009-07-12,Rejected,1994-09-05,1994-10-25
280,280,Citizenship Certificate,642-11-3639,2009-12-27,2023-10-17,Rejected,2019-05-05,2021-09-28
281,281,Driver License,890-93-0587,1971-06-24,1989-03-04,Rejected,1975-03-16,1983-11-01
282,282,Passport,071-43-9383,1998-11-19,2014-10-13,Rejected,2020-08-24,2020-08-24
283,283,Passport,241-48-6079,2015-11-12,2028-10-11,Verified,2021-01-22,2025-02-01
284,284,Citizenship Certificate,697-69-3517,2008-06-16,2022-03-15,Rejected,2022-10-23,2022-10-23
285,285,Passport,607-42-8837,1995-09-23,2009-12-19,Rejected,2014-11-25,2014-11-25
286,286,Driver License,673-99-9101,2023-06-02,2039-05-26,Verified,2024-04-10,2028-04-21
287,287,Citizenship Certificate,821-78-2777,2019-07-11,2033-05-21,Rejected,2021-08-03,2022-11-18
288,288,Driver License,849-77-1929,2021-12-20,2038-10-18,Verified,2022-02-06,2026-02-12
289,289,Driver License,022-95-8470,2011-08-01,2028-06-24,Verified,2018-11-19,2026-11-16
290,290,Citizenship Certificate,203-96-4875,1992-07-11,2011-03-27,Rejected,1993-06-07,2000-02-16
291,291,Driver License,529-33-4462,1999-06-24,2013-07-18,Rejected,2004-11-11,2006-10-22
292,292,Driver License,691-52-5492,1997-07-26,2015-06-05,Rejected,2011-04-10,2013-11-03
293,293,Passport,609-83-9331,2007-09-15,2021-11-02,Rejected,2017-03-31,2018-05-04
294,294,Passport,467-97-3640,2014-08-27,2027-06-01,Verified,2019-01-26,2024-12-31
295,295,Passport,895-49-5033,2023-02-16,2042-01-01,Rejected,2024-05-11,2031-04-08
296,296,Citizenship Certificate,764-21-5387,1982-05-15,1997-01-23,Rejected,2020-07-25,2020-07-25
297,297,Driver License,765-24-1449,2008-01-16,2024-12-12,Verified,2018-09-09,2023-04-02
298,298,Driver License,185-13-2794,2009-12-09,2029-01-26,Verified,2019-05-04,2022-05-05
299,299,Driver License,750-01-7020,2005-12-15,2022-10-04,Rejected,2007-08-24,2014-08-28
300,300,Driver License,401-59-1724,2010-07-03,2027-03-27,Pending,2011-08-10,2024-08-28
301,301,Driver License,794-17-7468,1979-03-13,1997-11-23,Rejected,1982-07-14,1985-01-25
302,302,Citizenship Certificate,608-65-8313,1990-09-13,2001-02-04,Rejected,2003-06-28,2003-06-28
303,303,Citizenship Certificate,564-74-5243,2001-06-16,2016-12-13,Rejected,2009-12-16,2013-09-28
304,304,Citizenship Certificate,583-04-7322,2009-05-19,2025-08-13,Pending,2018-06-18,2023-12-21
305,305,Passport,461-15-5935,2000-09-08,2013-06-24,Rejected,2001-09-24,2004-03-10
306,306,Driver License,298-61-1986,2005-08-03,2023-10-22,Rejected,2013-11-17,2016-12-03
307,307,Passport,614-17-2109,1994-08-22,2013-05-12,Rejected,2022-10-21,2022-10-21
308,308,Driver License,125-62-4154,2010-09-18,2028-05-13,Verified,2018-05-15,2023-12-30
309,309,Driver License,744-30-9916,2001-09-03,2015-11-16,Rejected,2022-07-30,2022-07-30
310,310,Driver License,382-70-1946,2009-01-16,2028-10-21,Pending,2010-01-16,2015-10-22
311,311,Citizenship Certificate,614-57-0144,2012-11-09,2029-12-01,Verified,2019-08-17,2024-01-02
312,312,Driver License,850-40-0893,2010-02-08,2024-12-11,Verified,2010-09-14,2020-02-12
313,313,Passport,423-37-8040,1997-06-11,2010-03-22,Rejected,2013-09-10,2013-09-10
314,314,Citizenship Certificate,453-22-3604,2017-10-30,2031-02-11,Verified,2021-11-28,2026-12-06
315,315,Citizenship Certificate,024-27-5147,1972-12-14,1988-05-10,Rejected,1979-01-21,1983-05-22
316,316,Citizenship Certificate,041-72-0801,1974-04-14,1992-06-05,Rejected,1978-12-14,1986-10-21
317,317,Driver License,703-20-0991,1972-07-23,1986-06-03,Rejected,2023-10-15,2023-10-15
318,318,Driver License,412-82-0127,2012-06-10,2027-08-08,Verified,2015-05-27,2019-12-31
319,319,Driver License,801-81-1283,1996-01-17,2011-03-02,Rejected,2007-10-31,2008-08-13
320,320,Citizenship Certificate,546-99-4116,1975-05-15,1987-03-16,Rejected,1985-10-27,1986-04-30
321,321,Citizenship Certificate,733-66-1036,2023-01-08,2038-05-14,Rejected,2024-03-22,2025-02-18
322,322,Driver License,723-70-8742,2022-08-09,2034-08-28,Rejected,2024-06-01,2032-06-14
323,323,Passport,880-08-2433,1985-04-21,1997-07-20,Rejected,1987-08-07,1990-08-10
324,324,Passport,473-74-1785,1978-03-29,1994-11-11,Rejected,1980-05-05,1988-03-16
325,325,Passport,808-42-2030,2015-03-24,2032-05-22,Verified,2019-01-11,2026-05-28
326,326,Driver License,670-38-3911,2000-08-23,2011-08-24,Rejected,2005-06-30,2011-08-06
327,327,Driver License,538-41-1648,1999-12-02,2014-04-04,Rejected,2001-04-08,2014-03-27
328,328,Citizenship Certificate,256-56-0915,2006-11-23,2018-04-20,Rejected,2020-09-18,2020-09-18
329,329,Citizenship Certificate,886-08-0536,2019-12-23,2033-11-06,Pending,2022-03-06,2026-11-16
330,330,Citizenship Certificate,603-01-0032,2015-12-22,2028-02-02,Verified,2023-02-10,2027-04-18
331,331,Passport,858-71-8126,1998-07-20,2017-10-02,Rejected,2012-06-22,2016-02-08
332,332,Passport,565-34-8535,1959-08-07,1978-01-16,Rejected,1961-09-28,1975-12-14
333,333,Passport,727-71-5518,1976-03-25,1989-01-14,Rejected,1980-12-31,1981-12-16
334,334,Driver License,782-04-7240,1988-10-11,2002-01-29,Rejected,2000-09-24,2001-02-13
335,335,Citizenship Certificate,761-13-0422,1995-01-21,2009-09-29,Rejected,2009-08-22,2009-08-25
336,336,Citizenship Certificate,569-30-6747,1968-02-18,1980-05-02,Rejected,1983-02-22,1983-02-22
337,337,Passport,468-56-4241,1987-07-01,1999-02-11,Rejected,1997-10-25,1997-12-09
338,338,Driver License,347-31-1817,2020-08-09,2039-11-15,Verified,2020-12-31,2029-11-14
339,339,Passport,679-75-3277,2011-09-08,2025-03-21,Verified,2020-07-06,2024-02-12
340,340,Citizenship Certificate,002-77-7092,1961-01-16,1971-12-23,Rejected,1972-08-15,1972-08-15
341,341,Citizenship Certificate,571-34-7111,2014-04-03,2026-04-05,Verified,2017-11-03,2020-06-25
342,342,Citizenship Certificate,816-47-7518,1994-06-19,2009-11-27,Rejected,1994-10-14,2006-07-24
343,343,Passport,732-38-4923,2020-12-04,2031-12-20,Verified,2022-02-24,2027-11-28
344,344,Driver License,624-42-4917,1999-10-22,2017-10-31,Rejected,2000-10-27,2008-04-29
345,345,Passport,089-88-0280,1993-09-17,2007-12-27,Rejected,1997-03-10,2002-03-03
346,346,Citizenship Certificate,210-11-9460,2004-05-25,2014-05-23,Rejected,2019-09-27,2019-09-27
347,347,Driver License,364-76-5601,2010-03-01,2024-09-27,Pending,2014-08-18,2018-06-30
348,348,Driver License,671-02-2447,2020-05-18,2038-09-02,Verified,2024-01-08,2025-01-27
349,349,Driver License,188-05-0883,2024-02-21,2036-03-06,Rejected,2024-03-25,2029-10-09
350,350,Driver License,488-62-7446,1990-12-04,2010-03-31,Rejected,1997-12-13,1998-09-24
351,351,Driver License,817-01-5415,2009-10-18,2022-06-09,Rejected,2011-03-01,2016-03-08
352,352,Passport,066-22-3532,2022-09-04,2033-09-02,Pending,2023-06-30,2031-12-15
353,353,Driver License,162-74-0087,1996-04-06,2007-05-13,Rejected,2018-08-16,2018-08-16
354,354,Driver License,224-98-2981,2010-07-03,2024-11-14,Verified,2011-10-30,2020-11-20
355,355,Passport,197-97-4621,2019-12-30,2033-10-29,Verified,2020-07-27,2021-08-12
356,356,Driver License,026-91-1003,2011-04-13,2022-04-26,Rejected,2015-01-12,2021-02-14
357,357,Passport,621-92-1894,2001-11-14,2016-06-30,Rejected,2015-09-14,2016-03-08
358,358,Driver License,570-08-9759,2018-07-10,2033-01-29,Verified,2024-02-23,2028-02-23
359,359,Citizenship Certificate,587-31-1018,2005-12-09,2018-08-13,Rejected,2010-09-19,2014-09-13
360,360,Citizenship Certificate,058-66-3897,1995-05-28,2014-02-03,Rejected,2004-03-31,2004-05-24
361,361,Passport,016-53-7884,2021-08-11,2034-01-25,Pending,2022-09-26,2024-06-11
362,362,Passport,667-87-5367,2017-05-12,2034-03-01,Verified,2020-05-17,2030-04-09
363,363,Passport,377-17-0403,2015-01-14,2028-05-28,Rejected,2016-11-20,2019-04-22
364,364,Passport,041-57-4136,1999-10-16,2018-09-07,Rejected,2001-03-04,2015-06-12
365,365,Citizenship Certificate,811-27-8460,1986-12-28,1998-09-23,Rejected,2013-04-02,2013-04-02
366,366,Passport,435-07-3590,2018-05-04,2037-03-04,Pending,2022-06-19,2025-06-23
367,367,Passport,732-01-9327,2018-05-16,2030-01-04,Pending,2021-05-19,2028-07-13
368,368,Passport,721-65-5972,2023-12-10,2036-03-23,Verified,2024-01-12,2024-07-12
369,369,Passport,813-99-5020,2017-05-28,2029-02-15,Verified,2020-07-29,2020-08-17
370,370,Citizenship Certificate,075-51-1556,2020-01-22,2038-10-19,Verified,2021-10-31,2038-04-30
371,371,Citizenship Certificate,062-33-8200,2002-05-27,2021-06-10,Rejected,2005-09-08,2020-07-04
372,372,Citizenship Certificate,431-67-9636,2021-10-19,2037-02-22,Verified,2023-02-21,2023-05-09
373,373,Driver License,194-91-5412,2008-02-03,2023-12-12,Rejected,2015-12-12,2020-06-08
374,374,Citizenship Certificate,439-25-9585,2011-11-22,2030-06-28,Pending,2013-10-03,2029-07-23
375,375,Passport,787-72-8525,2022-11-04,2038-04-13,Pending,2024-01-11,2025-09-10
376,376,Driver License,079-38-6388,2005-01-06,2015-05-09,Rejected,2011-03-01,2012-12-25
377,377,Driver License,431-21-7701,1992-08-04,2011-10-21,Rejected,1994-11-09,2010-04-09
378,378,Citizenship Certificate,861-91-6791,1997-01-25,2011-05-18,Rejected,2011-04-26,2011-05-16
379,379,Passport,442-35-7156,2023-07-28,2039-09-05,Pending,2024-02-26,2031-02-22
380,380,Citizenship Certificate,746-93-5968,1994-06-05,2010-08-10,Rejected,2004-12-18,2007-12-18
381,381,Driver License,591-44-6270,1999-03-17,2018-06-11,Rejected,2004-02-15,2006-10-29
382,382,Citizenship Certificate,026-94-4416,2014-04-19,2032-07-30,Pending,2018-12-03,2026-10-09
383,383,Citizenship Certificate,370-10-9037,2015-01-16,2033-09-30,Verified,2017-02-09,2023-10-07
384,384,Driver License,693-42-2087,2017-10-07,2034-02-19,Verified,2019-10-12,2030-11-27
385,385,Driver License,807-86-5186,2019-03-13,2034-11-10,Verified,2020-04-02,2020-11-10
386,386,Driver License,076-62-0044,1992-04-07,2011-06-17,Rejected,2007-02-15,2008-07-07
387,387,Driver License,857-75-5730,1983-05-17,1998-03-13,Rejected,1988-11-05,1993-10-01
388,388,Citizenship Certificate,170-04-4263,2015-12-21,2027-05-20,Verified,2022-04-08,2023-01-11
389,389,Citizenship Certificate,544-62-4527,2003-10-31,2016-02-12,Rejected,2006-02-02,2012-05-25
390,390,Driver License,669-06-0451,2006-03-04,2023-08-10,Rejected,2007-12-21,2019-01-28
391,391,Driver License,835-20-8955,2023-06-29,2034-02-05,Verified,2024-03-22,2030-05-28
392,392,Citizenship Certificate,581-04-8373,1993-11-07,2004-01-16,Rejected,2008-10-18,2008-10-18
393,393,Citizenship Certificate,173-43-6043,2014-04-26,2025-06-09,Verified,2015-08-06,2018-02-26
394,394,Citizenship Certificate,896-51-9814,2010-07-15,2026-07-29,Verified,2012-05-14,2021-11-18
395,395,Passport,602-83-9385,2023-02-09,2040-06-30,Verified,2023-09-05,2030-07-03
396,396,Passport,584-26-3160,1987-01-14,2004-02-27,Rejected,1987-02-13,2001-10-24
397,397,Citizenship Certificate,238-64-4032,2000-11-28,2017-10-15,Rejected,2015-03-27,2017-10-13
398,398,Driver License,789-09-2675,1983-11-04,1997-02-15,Rejected,2004-09-09,2004-09-09
399,399,Citizenship Certificate,723-86-5383,2023-10-18,2035-06-10,Verified,2024-02-06,2029-03-07
400,400,Passport,417-13-5567,1982-07-23,1997-03-23,Rejected,1984-11-06,1989-06-24
401,401,Citizenship Certificate,488-27-9944,2022-09-15,2038-05-24,Pending,2024-05-31,2030-08-01
402,402,Passport,551-34-2473,2011-12-02,2024-05-28,Rejected,2020-03-23,2021-09-15
403,403,Citizenship Certificate,434-81-3146,1996-05-16,2012-03-27,Rejected,2003-03-06,2009-12-11
404,404,Passport,331-24-7986,2010-01-07,2025-07-16,Verified,2024-03-04,2024-06-24
405,405,Driver License,336-80-5201,2016-10-04,2030-12-31,Verified,2017-10-13,2030-03-28
406,406,Driver License,153-31-8724,2011-04-26,2029-04-03,Rejected,2014-02-16,2019-12-21
407,407,Citizenship Certificate,706-23-0170,2013-10-20,2027-01-20,Pending,2019-11-14,2023-09-04
408,408,Driver License,372-50-1496,2015-01-01,2025-01-13,Pending,2022-08-29,2022-09-02
409,409,Driver License,890-44-7999,1978-06-05,1989-10-24,Rejected,1981-03-21,1985-06-07
410,410,Citizenship Certificate,565-99-3773,2016-09-07,2032-04-07,Pending,2019-12-10,2028-02-25
411,411,Passport,714-20-6616,1990-04-30,2009-03-29,Rejected,1990-05-04,1993-11-03
412,412,Citizenship Certificate,612-86-7165,2001-02-16,2015-07-20,Rejected,2018-08-05,2018-08-05
413,413,Passport,004-36-8798,2003-10-15,2023-03-14,Rejected,2018-11-20,2019-06-26
414,414,Citizenship Certificate,639-74-0397,2013-02-13,2025-05-13,Verified,2014-04-22,2019-07-10
415,415,Driver License,705-54-8869,2006-06-10,2019-04-30,Rejected,2009-09-01,2012-03-16
416,416,Citizenship Certificate,351-12-6120,2009-04-29,2025-02-21,Verified,2015-05-04,2017-11-26
417,417,Driver License,183-69-2929,2021-09-20,2035-06-19,Pending,2022-10-04,2027-04-04
418,418,Driver License,134-11-6928,2000-01-24,2017-02-26,Rejected,2003-03-27,2014-05-27
419,419,Passport,761-12-8316,2018-02-14,2030-05-21,Rejected,2018-11-29,2028-02-04
420,420,Passport,522-80-2018,2007-02-06,2017-10-11,Rejected,2011-01-24,2015-05-01
421,421,Citizenship Certificate,482-83-0996,2010-04-04,2029-07-29,Pending,2015-02-07,2029-07-16
422,422,Driver License,618-68-6432,2007-06-17,2017-09-10,Rejected,2015-09-07,2016-01-31
423,423,Driver License,189-67-6264,2011-06-25,2031-05-10,Pending,2023-01-10,2030-08-20
424,424,Passport,682-31-5869,1991-03-28,2001-08-18,Rejected,1992-11-14,1994-05-03
425,425,Passport,174-99-1864,2016-05-02,2031-10-30,Pending,2023-07-07,2024-01-11
426,426,Citizenship Certificate,849-85-3555,2012-10-10,2023-02-01,Rejected,2016-02-07,2016-02-18
427,427,Passport,073-24-8816,2018-03-15,2035-08-20,Verified,2019-06-25,2020-06-30
428,428,Citizenship Certificate,539-38-5067,1989-05-30,2005-07-20,Rejected,1997-09-24,1998-07-11
429,429,Driver License,497-37-9635,1987-02-20,2005-12-26,Rejected,1990-09-28,1997-09-04
430,430,Driver License,255-88-6218,1989-01-22,2001-07-17,Rejected,2016-03-17,2016-03-17
431,431,Driver License,516-32-2646,2023-05-07,2040-06-27,Verified,2023-11-29,2029-03-29
432,432,Driver License,316-30-1857,2019-07-19,2030-02-20,Verified,2020-11-30,2028-03-09
433,433,Driver License,361-82-9614,1989-09-17,2005-09-23,Rejected,2015-03-09,2015-03-09
434,434,Citizenship Certificate,615-80-0813,1974-04-20,1984-10-10,Rejected,2021-02-11,2021-02-11
435,435,Driver License,745-42-0183,2015-11-25,2027-12-19,Verified,2017-08-21,2020-05-06
436,436,Citizenship Certificate,173-46-2363,2023-12-12,2041-07-22,Pending,2024-06-07,2036-11-05
437,437,Passport,224-10-2546,1989-08-31,2000-04-25,Rejected,2013-03-01,2013-03-01
438,438,Passport,405-57-8045,2007-11-12,2017-12-23,Rejected,2014-07-13,2015-03-27
439,439,Passport,084-44-6303,2010-11-12,2025-12-07,Pending,2013-07-10,2024-02-17
440,440,Citizenship Certificate,493-27-2398,2006-11-04,2024-06-12,Rejected,2013-01-31,2022-09-22
441,441,Passport,329-94-9053,2016-02-24,2031-02-11,Pending,2017-06-25,2022-11-13
442,442,Citizenship Certificate,615-18-3479,2002-01-17,2015-01-14,Rejected,2019-03-02,2019-03-02
443,443,Driver License,450-03-8351,2010-07-28,2025-12-26,Verified,2017-01-19,2019-01-28
444,444,Passport,735-50-6343,2000-11-04,2020-07-11,Rejected,2018-11-16,2019-08-12
445,445,Driver License,512-90-1859,2021-04-02,2040-05-20,Pending,2022-09-27,2027-12-02
446,446,Driver License,585-18-9546,1977-05-04,1988-05-01,Rejected,1982-09-14,1987-02-25
447,447,Citizenship Certificate,018-20-6866,1992-02-21,2007-09-15,Rejected,2004-01-30,2004-02-20
448,448,Driver License,086-41-3799,2004-01-28,2019-02-15,Rejected,2018-02-02,2019-01-06
449,449,Citizenship Certificate,262-43-2123,1989-01-23,2002-02-19,Rejected,2014-09-13,2014-09-13
450,450,Passport,472-49-3283,1987-10-26,2000-11-08,Rejected,1988-11-04,1993-05-20
451,451,Driver License,008-96-8868,1997-01-16,2016-06-21,Rejected,2004-09-19,2010-05-27
452,452,Driver License,803-25-7586,2019-08-04,2035-05-02,Verified,2019-08-24,2022-01-05
453,453,Driver License,609-19-3668,2015-04-09,2031-03-10,Pending,2022-11-09,2023-07-27
454,454,Driver License,611-74-2494,2014-06-06,2031-05-13,Verified,2018-05-28,2024-05-04
455,455,Driver License,128-61-1881,2021-09-13,2036-09-20,Verified,2024-05-25,2033-10-09
456,456,Citizenship Certificate,471-74-4288,2010-12-13,2030-11-17,Pending,2011-02-03,2014-06-08
457,457,Citizenship Certificate,070-34-9390,2009-12-16,2025-11-25,Pending,2010-11-18,2024-08-18
458,458,Driver License,304-87-5681,2011-09-18,2030-10-17,Pending,2020-10-08,2020-12-24
459,459,Citizenship Certificate,405-09-5105,1982-08-07,1997-01-28,Rejected,1992-09-01,1996-09-27
460,460,Citizenship Certificate,381-05-7682,2017-04-14,2035-04-12,Verified,2021-03-07,2028-06-09
461,461,Passport,317-36-9850,2018-09-22,2029-01-20,Verified,2021-03-26,2025-05-05
462,462,Passport,110-85-5591,1997-04-27,2009-08-19,Rejected,2019-09-05,2019-09-05
463,463,Citizenship Certificate,200-04-2270,2000-12-15,2018-03-13,Rejected,2007-02-10,2013-10-14
464,464,Driver License,306-29-8217,2022-12-30,2036-11-15,Verified,2024-02-24,2030-05-30
465,465,Citizenship Certificate,146-67-3198,2024-02-18,2043-01-27,Verified,2024-05-12,2035-06-06
466,466,Driver License,232-28-3588,2013-07-27,2033-06-15,Verified,2015-03-31,2015-05-30
467,467,Driver License,182-08-4262,1995-04-15,2011-11-07,Rejected,2010-04-03,2011-08-06
468,468,Passport,012-38-5217,1992-03-13,2002-03-14,Rejected,1998-10-02,2000-03-31
469,469,Citizenship Certificate,406-90-4015,2009-02-03,2025-07-12,Verified,2017-04-15,2019-04-09
470,470,Driver License,090-49-6514,2013-07-25,2030-05-12,Verified,2019-06-18,2028-12-26
471,471,Citizenship Certificate,555-90-1969,2014-06-08,2026-12-05,Verified,2015-09-29,2026-01-20
472,472,Driver License,457-63-2212,2021-08-01,2037-09-13,Verified,2022-08-07,2029-03-21
473,473,Citizenship Certificate,122-09-2410,2005-09-07,2018-11-10,Rejected,2010-09-12,2016-03-11
474,474,Passport,396-87-8522,1996-02-23,2014-06-03,Rejected,2013-03-17,2014-03-11
475,475,Driver License,820-02-1304,1981-02-26,1999-08-02,Rejected,1998-07-12,1998-11-27
476,476,Passport,014-43-9491,2001-04-19,2018-07-30,Rejected,2004-03-25,2013-01-21
477,477,Driver License,370-67-2441,1996-08-09,2014-08-27,Rejected,1998-06-01,1999-09-15
478,478,Citizenship Certificate,430-95-6339,2012-01-22,2031-10-31,Verified,2014-05-14,2014-11-08
479,479,Citizenship Certificate,752-02-9821,2019-06-03,2034-12-25,Pending,2021-02-18,2029-04-11
480,480,Citizenship Certificate,067-88-9286,2005-06-29,2022-10-18,Rejected,2010-02-28,2011-07-20
481,481,Driver License,775-45-1282,2020-12-12,2031-04-28,Verified,2021-04-07,2025-11-09
482,482,Citizenship Certificate,740-78-6128,1990-05-22,2003-06-26,Rejected,1992-09-09,1995-11-11
483,483,Driver License,557-09-5049,1995-09-02,2005-11-10,Rejected,2007-01-21,2007-01-21
484,484,Passport,389-15-9502,2020-02-27,2031-02-27,Pending,2020-08-22,2021-10-29
485,485,Driver License,181-47-8440,2011-12-01,2031-07-13,Pending,2017-06-10,2030-05-19
486,486,Driver License,835-92-4562,1991-02-14,2002-12-16,Rejected,2015-06-03,2015-06-03
487,487,Driver License,106-01-0160,2006-04-07,2020-11-17,Rejected,2007-08-25,2010-04-22
488,488,Passport,899-03-2764,1976-07-16,1987-08-01,Rejected,1981-02-11,1982-11-03
489,489,Driver License,185-33-4551,2019-09-07,2038-10-01,Verified,2023-09-02,2032-04-10
490,490,Driver License,099-52-5075,2010-12-05,2022-11-16,Rejected,2023-09-06,2023-09-06
491,491,Citizenship Certificate,616-86-6686,2005-04-02,2015-07-09,Rejected,2013-06-15,2014-12-13
492,492,Citizenship Certificate,786-66-6596,2006-03-02,2019-08-16,Rejected,2014-03-14,2016-01-19
493,493,Passport,150-57-4754,2013-09-29,2032-11-22,Verified,2016-02-25,2021-07-08
494,494,Driver License,421-37-2907,2001-04-01,2016-11-19,Rejected,2013-12-14,2015-08-13
495,495,Driver License,743-39-4521,2015-11-16,2035-07-02,Verified,2019-05-14,2033-12-15
496,496,Driver License,145-47-8013,1999-04-25,2017-05-20,Rejected,2001-02-03,2007-01-08
497,497,Citizenship Certificate,252-75-1455,2019-10-30,2032-02-26,Verified,2020-02-14,2029-10-17
498,498,Citizenship Certificate,021-04-0309,1987-11-29,1998-12-07,Rejected,1995-10-31,1995-11-05
499,499,Passport,391-29-7178,2019-03-10,2036-12-16,Pending,2021-02-05,2021-09-03
500,500,Citizenship Certificate,466-62-9937,1998-02-26,2017-07-30,Rejected,2004-01-17,2010-08-13
501,501,Driver License,622-61-7338,2022-03-22,2038-07-23,Verified,2024-04-08,2025-06-13
502,502,Citizenship Certificate,639-62-6104,2003-07-24,2014-09-30,Rejected,2004-12-16,2012-10-29
503,503,Driver License,705-45-8916,2024-01-14,2040-06-28,Verified,2024-04-24,2036-04-21
504,504,Citizenship Certificate,532-54-0575,2016-04-04,2027-12-16,Pending,2024-03-31,2024-08-21
505,505,Passport,248-75-6572,2011-10-06,2030-02-25,Pending,2017-09-19,2029-01-06
506,506,Citizenship Certificate,209-58-6540,2014-08-21,2029-08-24,Verified,2017-10-23,2024-10-29
507,507,Driver License,184-80-4222,2021-02-14,2032-11-16,Verified,2021-08-08,2028-04-28
508,508,Passport,637-25-6201,1994-07-28,2014-01-08,Rejected,1999-09-26,2000-10-07
509,509,Driver License,258-12-5172,1989-11-02,2000-08-27,Rejected,2005-07-06,2005-07-06
510,510,Citizenship Certificate,262-54-4822,2007-12-22,2019-12-23,Rejected,2009-10-06,2018-12-02
511,511,Citizenship Certificate,272-23-3372,2016-03-24,2031-05-16,Pending,2020-10-17,2028-07-12
512,512,Passport,543-83-0340,1991-10-26,2001-12-13,Rejected,1995-03-03,1999-07-30
513,513,Driver License,520-40-2279,2018-12-08,2038-09-08,Verified,2019-05-21,2032-07-10
514,514,Passport,010-88-8494,1994-06-27,2005-06-22,Rejected,2009-08-01,2009-08-01
515,515,Driver License,320-89-0620,2017-05-07,2031-11-14,Pending,2019-04-15,2023-12-12
516,516,Passport,652-94-7954,2016-10-21,2028-02-06,Verified,2019-01-17,2024-12-20
517,517,Passport,624-41-5796,2021-01-29,2040-10-03,Verified,2022-04-10,2023-02-15
518,518,Citizenship Certificate,687-88-2778,1976-08-07,1988-02-19,Rejected,1998-12-24,1998-12-24
519,519,Driver License,523-90-2663,1989-06-14,2004-06-11,Rejected,2010-12-09,2010-12-09
520,520,Passport,563-65-4432,1979-04-04,1996-03-22,Rejected,1997-04-05,1997-04-05
521,521,Citizenship Certificate,859-38-3851,2019-10-18,2038-12-10,Pending,2022-02-24,2036-11-02
522,522,Citizenship Certificate,178-44-5088,2011-12-29,2025-07-31,Pending,2018-08-18,2022-02-25
523,523,Citizenship Certificate,149-32-8246,1993-03-13,2011-10-08,Rejected,1994-06-05,1997-01-01
524,524,Driver License,317-61-6289,1995-12-14,2008-01-28,Rejected,2023-12-18,2023-12-18
525,525,Citizenship Certificate,572-22-6902,1972-09-01,1987-04-03,Rejected,1973-06-29,1976-09-01
526,526,Passport,668-30-7155,2007-12-23,2018-10-31,Rejected,2010-10-15,2013-06-23
527,527,Driver License,155-72-5278,2000-03-12,2018-03-02,Rejected,2001-11-30,2011-09-07
528,528,Driver License,376-56-3087,2022-09-21,2033-04-09,Pending,2023-10-27,2024-07-09
529,529,Driver License,094-89-1207,2022-02-20,2035-04-11,Rejected,2023-07-05,2024-02-04
530,530,Citizenship Certificate,572-65-7770,1965-01-28,1975-02-20,Rejected,1971-08-13,1972-04-01
531,531,Passport,052-01-2341,2000-06-22,2013-08-31,Rejected,2011-01-23,2011-03-10
532,532,Passport,734-82-1185,2003-11-14,2020-01-22,Rejected,2006-06-20,2019-01-29
533,533,Citizenship Certificate,800-74-5545,1995-07-12,2006-07-30,Rejected,1999-08-18,2000-08-25
534,534,Passport,499-12-8582,2008-04-27,2022-11-22,Rejected,2020-12-16,2021-07-15
535,535,Passport,293-06-5111,2003-11-21,2023-01-01,Rejected,2017-09-27,2022-02-14
536,536,Citizenship Certificate,854-05-4339,1981-05-31,1992-06-20,Rejected,2013-07-22,2013-07-22
537,537,Passport,803-42-2090,2023-06-10,2041-09-07,Verified,2023-09-10,2038-05-18
538,538,Citizenship Certificate,297-61-8689,2008-09-09,2028-04-16,Verified,2014-10-01,2022-05-12
539,539,Driver License,251-70-3178,1970-05-29,1984-04-22,Rejected,1971-08-17,1971-11-11
540,540,Driver License,691-95-2396,1984-04-04,1998-07-02,Rejected,1998-05-27,1998-06-27
541,541,Passport,759-57-5049,1971-07-06,1990-09-25,Rejected,1995-11-06,1995-11-06
542,542,Passport,026-09-5104,1991-03-05,2003-08-09,Rejected,2015-11-02,2015-11-02
543,543,Citizenship Certificate,682-79-6342,2020-07-15,2034-12-26,Rejected,2022-10-31,2025-10-03
544,544,Driver License,672-43-2608,2015-07-12,2034-02-09,Verified,2022-03-25,2023-03-26
545,545,Driver License,138-22-0208,2012-03-29,2024-05-08,Rejected,2015-04-04,2015-06-14
546,546,Citizenship Certificate,511-51-6983,2016-08-13,2028-08-08,Verified,2019-10-06,2022-06-21
547,547,Driver License,518-55-0337,1995-02-15,2009-07-18,Rejected,2008-01-03,2008-11-25
548,548,Citizenship Certificate,588-72-2741,2007-05-03,2019-07-08,Rejected,2023-03-10,2023-03-10
549,549,Citizenship Certificate,014-22-7736,2015-01-04,2034-03-13,Verified,2017-05-15,2026-01-07
550,550,Passport,664-95-0370,2024-05-14,2040-08-27,Rejected,2024-05-15,2037-09-30
551,551,Driver License,466-43-5765,2017-02-16,2027-03-18,Pending,2024-03-14,2025-11-21
552,552,Driver License,534-79-7549,2016-07-23,2032-04-04,Verified,2018-01-15,2031-04-18
553,553,Passport,819-14-8499,2013-09-12,2028-08-23,Rejected,2015-02-18,2022-12-16
554,554,Passport,343-15-7917,2022-10-27,2035-08-02,Verified,2023-08-14,2031-09-26
555,555,Driver License,383-52-4183,1983-01-13,2001-12-08,Rejected,1983-04-28,1984-03-13
556,556,Passport,119-73-1444,2018-10-13,2038-02-11,Verified,2021-11-24,2036-02-15
557,557,Passport,432-93-8871,2017-03-16,2036-10-29,Verified,2019-11-28,2034-01-10
558,558,Driver License,480-28-4701,1969-07-22,1982-08-23,Rejected,1979-07-13,1980-04-16
559,559,Passport,026-13-1831,2004-07-19,2024-03-29,Rejected,2010-08-01,2017-03-13
560,560,Citizenship Certificate,801-12-8982,2003-12-25,2014-11-03,Rejected,2023-07-05,2023-07-05
561,561,Passport,795-98-0996,2003-03-26,2019-10-22,Rejected,2016-03-15,2016-11-16
562,562,Passport,734-95-2994,2011-01-28,2023-10-23,Rejected,2017-06-25,2018-02-10
563,563,Passport,311-42-3127,2004-11-25,2018-08-31,Rejected,2009-04-29,2017-01-18
564,564,Citizenship Certificate,486-28-8939,1996-10-23,2015-08-18,Rejected,2005-11-24,2007-06-23
565,565,Driver License,899-69-2964,2003-03-07,2015-02-18,Rejected,2004-08-31,2013-12-30
566,566,Citizenship Certificate,326-12-9947,1985-04-01,1998-03-01,Rejected,2006-10-30,2006-10-30
567,567,Citizenship Certificate,023-17-2623,2008-08-26,2025-12-20,Pending,2012-09-11,2018-03-07
568,568,Driver License,038-61-3182,1999-04-08,2017-10-07,Rejected,2008-08-11,2008-08-25
569,569,Passport,585-26-8718,1991-08-14,2005-07-11,Rejected,2008-05-10,2008-05-10
570,570,Passport,543-61-8217,2016-08-30,2032-03-09,Verified,2021-02-19,2031-09-15
571,571,Driver License,323-57-7126,1971-07-08,1984-06-25,Rejected,1980-07-30,1981-11-14
572,572,Driver License,081-38-4598,1951-12-07,1963-07-02,Rejected,1953-02-10,1955-11-21
573,573,Driver License,474-34-2499,2020-11-17,2037-02-28,Verified,2023-04-14,2025-09-10
574,574,Citizenship Certificate,293-37-8590,2016-09-04,2035-10-15,Verified,2018-11-25,2024-02-18
575,575,Passport,381-54-9800,2011-07-17,2024-10-30,Verified,2017-08-17,2020-09-20
576,576,Citizenship Certificate,202-71-1320,2014-11-19,2034-04-29,Verified,2019-03-04,2024-12-26
577,577,Driver License,766-36-8067,1993-02-18,2007-11-27,Rejected,1997-07-01,2007-06-17
578,578,Citizenship Certificate,807-43-0835,1977-04-19,1994-07-25,Rejected,1982-08-21,1994-06-26
579,579,Driver License,225-46-7534,1992-02-17,2008-10-13,Rejected,2021-05-12,2021-05-12
580,580,Driver License,520-95-1594,2023-10-05,2038-10-18,Verified,2024-06-15,2037-04-02
581,581,Driver License,644-96-9184,1995-08-25,2015-08-01,Rejected,2022-04-06,2022-04-06
582,582,Passport,086-32-2547,2023-08-04,2041-05-13,Pending,2023-12-02,2033-06-25
583,583,Driver License,807-67-4317,2010-04-06,2021-06-06,Rejected,2012-01-01,2015-06-05
584,584,Driver License,771-70-3296,1999-04-09,2011-02-16,Rejected,2021-06-15,2021-06-15
585,585,Driver License,069-25-6183,2010-11-01,2022-04-20,Rejected,2011-12-31,2018-05-16
586,586,Passport,767-14-9303,1986-08-24,1998-03-08,Rejected,2022-10-12,2022-10-12
587,587,Driver License,117-20-5348,2016-10-10,2027-10-23,Verified,2018-12-28,2021-03-07
588,588,Driver License,515-69-7473,2016-09-05,2035-07-20,Verified,2020-11-29,2031-03-25
589,589,Driver License,005-28-2801,2009-08-28,2026-05-08,Verified,2012-01-26,2018-04-17
590,590,Passport,242-29-9052,2019-06-03,2037-04-25,Verified,2022-02-13,2035-04-15
591,591,Passport,375-91-0678,1980-03-27,1993-05-23,Rejected,1980-10-20,1990-05-11
592,592,Driver License,481-57-8630,2008-10-31,2026-12-03,Verified,2012-09-06,2018-01-27
593,593,Passport,118-10-9419,2012-10-15,2028-06-21,Rejected,2020-06-25,2023-01-02
594,594,Passport,381-37-9189,2014-07-05,2025-06-11,Verified,2017-06-07,2019-12-11
595,595,Passport,872-59-6515,2003-01-12,2020-06-24,Rejected,2022-10-20,2022-10-20
596,596,Passport,168-19-1711,2019-12-20,2034-03-28,Verified,2021-04-01,2029-09-15
597,597,Passport,466-03-0923,2021-11-27,2032-11-14,Verified,2023-07-14,2032-05-29
598,598,Passport,668-35-2470,2003-05-13,2018-12-06,Rejected,2007-12-02,2010-07-26
599,599,Passport,486-55-2859,2004-11-17,2018-10-27,Rejected,2011-05-26,2013-07-23
600,600,Passport,762-25-9126,1959-02-23,1976-06-17,Rejected,1963-08-17,1974-10-12
601,601,Passport,542-77-2459,2009-01-17,2024-07-29,Rejected,2009-11-26,2014-01-15
602,602,Citizenship Certificate,527-07-0927,2006-01-07,2019-01-30,Rejected,2023-12-14,2023-12-14
603,603,Passport,326-89-2985,2014-12-06,2026-08-31,Verified,2017-09-08,2024-10-13
604,604,Citizenship Certificate,009-68-2462,2006-10-03,2021-08-28,Rejected,2012-05-29,2018-02-15
605,605,Driver License,497-16-3247,1999-07-12,2014-04-12,Rejected,2008-06-24,2011-03-02
606,606,Driver License,765-52-6110,2005-03-02,2015-10-20,Rejected,2006-05-31,2014-01-28
607,607,Citizenship Certificate,027-54-5961,2019-04-19,2030-06-24,Verified,2019-05-23,2025-10-04
608,608,Driver License,111-45-8895,2005-04-14,2022-06-27,Rejected,2016-08-29,2022-04-03
609,609,Passport,037-34-2651,1987-02-28,1998-02-14,Rejected,1989-03-29,1991-04-26
610,610,Passport,643-45-0196,1982-08-18,1997-06-28,Rejected,2009-07-05,2009-07-05
611,611,Driver License,473-84-7348,2015-02-13,2031-10-04,Verified,2019-03-21,2022-10-05
612,612,Passport,623-41-8529,2001-05-11,2017-04-22,Rejected,2016-08-26,2017-04-12
613,613,Driver License,321-92-3682,2002-03-22,2013-09-23,Rejected,2003-06-12,2007-04-19
614,614,Passport,355-32-2099,1972-09-18,1984-10-16,Rejected,1980-05-03,1984-03-27
615,615,Driver License,400-12-5189,1996-03-28,2006-09-15,Rejected,1996-10-17,2000-08-03
616,616,Driver License,371-75-1596,2009-04-08,2022-01-22,Rejected,2019-06-12,2021-12-22
617,617,Driver License,388-71-8024,1991-08-26,2001-09-13,Rejected,1993-05-29,1999-03-26
618,618,Passport,234-63-9487,2010-03-09,2028-12-08,Verified,2011-12-15,2026-04-22
619,619,Citizenship Certificate,841-78-6501,1972-05-10,1984-06-03,Rejected,1982-03-22,1984-03-14
620,620,Passport,841-37-9037,1969-09-09,1979-12-16,Rejected,1979-12-21,1979-12-21
621,621,Driver License,454-97-1590,1988-04-14,2006-09-12,Rejected,2007-01-28,2007-01-28
622,622,Driver License,107-18-6330,1999-02-04,2014-10-15,Rejected,2005-03-25,2010-05-24
623,623,Driver License,631-23-9378,1996-11-10,2014-05-16,Rejected,1998-12-08,2014-03-02
624,624,Citizenship Certificate,572-43-3126,2018-05-12,2029-05-07,Verified,2023-11-07,2026-04-03
625,625,Citizenship Certificate,344-93-6908,1982-03-09,2000-12-03,Rejected,2007-09-23,2007-09-23
626,626,Driver License,418-85-6075,2016-07-03,2027-05-22,Verified,2018-06-02,2019-05-14
627,627,Driver License,096-86-5084,2010-04-20,2029-12-19,Pending,2016-08-13,2020-11-05
628,628,Passport,527-20-9062,2014-03-01,2029-09-07,Verified,2016-12-02,2028-03-08
629,629,Citizenship Certificate,535-36-7399,2009-04-24,2022-08-08,Rejected,2020-12-04,2022-07-15
630,630,Passport,044-72-5106,2015-03-08,2025-04-12,Rejected,2017-12-09,2018-07-28
631,631,Driver License,357-98-9264,2012-05-14,2025-12-28,Verified,2014-09-02,2020-04-25
632,632,Citizenship Certificate,332-04-5122,2021-01-10,2033-08-01,Verified,2022-08-14,2028-01-11
633,633,Driver License,676-52-6569,2017-11-20,2031-07-04,Verified,2021-09-22,2031-06-19
634,634,Citizenship Certificate,052-97-7022,2018-03-16,2029-11-08,Pending,2019-02-05,2021-08-08
635,635,Citizenship Certificate,618-69-9710,1993-03-21,2008-12-19,Rejected,1995-01-30,2008-03-28
636,636,Passport,784-81-1003,1996-10-08,2011-04-22,Rejected,2001-03-28,2008-10-01
637,637,Driver License,625-87-4031,2001-07-04,2020-11-09,Rejected,2018-11-03,2020-02-17
638,638,Passport,300-03-4532,2022-08-04,2040-01-20,Verified,2024-02-07,2024-04-13
639,639,Passport,782-70-8201,2001-04-30,2011-05-21,Rejected,2012-08-28,2012-08-28
640,640,Citizenship Certificate,277-72-0352,1995-03-17,2014-08-21,Rejected,1997-02-03,2012-07-04
641,641,Driver License,653-85-2987,1999-11-10,2011-11-17,Rejected,2020-10-02,2020-10-02
642,642,Driver License,179-01-9997,2003-10-10,2016-01-08,Rejected,2023-11-28,2023-11-28
643,643,Passport,579-15-9271,2011-05-18,2028-05-09,Pending,2015-08-19,2016-07-14
644,644,Citizenship Certificate,078-76-5632,1990-08-27,2001-01-03,Rejected,1997-03-11,2000-07-31
645,645,Driver License,454-63-0067,1984-01-05,1997-02-09,Rejected,1985-08-15,1991-11-19
646,646,Passport,151-72-3610,2003-06-18,2018-01-12,Rejected,2005-04-28,2009-10-10
647,647,Driver License,841-58-3244,1988-08-09,1998-11-06,Rejected,2017-12-19,2017-12-19
648,648,Citizenship Certificate,705-42-4778,1998-01-08,2014-01-16,Rejected,1999-03-03,2010-12-24
649,649,Passport,619-35-2339,2012-05-04,2029-10-27,Verified,2023-04-10,2029-03-13
650,650,Driver License,342-27-3544,2013-08-04,2027-03-16,Verified,2015-08-30,2017-04-10
651,651,Citizenship Certificate,397-22-9228,2004-04-27,2019-09-09,Rejected,2021-02-16,2021-02-16
652,652,Driver License,395-23-6368,2010-11-26,2028-11-21,Rejected,2014-09-28,2027-06-12
653,653,Driver License,257-60-3239,1995-11-18,2012-05-06,Rejected,2016-02-08,2016-02-08
654,654,Citizenship Certificate,778-69-6958,2010-08-10,2029-05-06,Pending,2013-07-31,2016-01-01
655,655,Citizenship Certificate,204-10-1706,2012-02-13,2022-08-25,Rejected,2021-04-24,2022-02-23
656,656,Driver License,033-53-9589,2015-12-19,2026-05-22,Verified,2017-06-02,2024-03-10
657,657,Driver License,802-31-8688,2015-02-04,2027-05-28,Verified,2022-05-06,2022-05-16
658,658,Citizenship Certificate,341-22-5136,2015-10-03,2032-05-13,Verified,2016-11-26,2027-12-30
659,659,Driver License,495-46-7322,1998-02-08,2014-07-04,Rejected,2010-01-06,2010-08-10
660,660,Passport,429-83-8679,1996-11-09,2008-04-17,Rejected,2004-06-07,2006-01-11
661,661,Citizenship Certificate,267-81-3721,2009-11-07,2020-03-09,Rejected,2015-05-11,2019-07-25
662,662,Citizenship Certificate,483-12-0612,2022-05-29,2037-04-02,Verified,2024-04-27,2032-09-22
663,663,Passport,519-78-8475,1980-08-09,1998-02-05,Rejected,2001-08-14,2001-08-14
664,664,Passport,650-56-6362,1996-05-01,2011-06-10,Rejected,2007-11-11,2010-01-27
665,665,Passport,117-57-2775,2011-05-06,2030-04-16,Verified,2012-12-17,2019-01-26
666,666,Citizenship Certificate,438-85-9157,2008-09-29,2023-01-02,Rejected,2014-12-07,2021-06-01
667,667,Citizenship Certificate,205-68-6626,2001-07-23,2015-02-28,Rejected,2003-08-12,2008-07-15
668,668,Driver License,803-30-7098,2008-03-12,2022-04-14,Rejected,2013-12-22,2018-06-23
669,669,Driver License,802-95-1315,1987-05-03,1999-12-28,Rejected,1988-11-07,1989-09-05
670,670,Passport,467-71-0269,2006-03-08,2021-08-29,Rejected,2017-10-24,2020-11-07
671,671,Driver License,165-73-8520,1993-01-02,2011-09-12,Rejected,1994-08-15,1996-10-28
672,672,Passport,874-15-3282,2013-04-15,2027-05-08,Verified,2019-04-23,2019-07-16
673,673,Passport,185-01-1858,2003-11-01,2015-10-29,Rejected,2007-04-22,2012-03-19
674,674,Citizenship Certificate,249-80-6756,2022-06-14,2038-01-15,Verified,2023-12-17,2030-08-29
675,675,Driver License,617-86-7244,2006-06-03,2025-06-15,Verified,2010-10-05,2014-12-30
676,676,Citizenship Certificate,518-22-9866,2005-11-28,2017-05-15,Rejected,2016-12-29,2017-04-07
677,677,Driver License,649-32-0553,1987-05-26,1999-11-25,Rejected,2018-08-21,2018-08-21
678,678,Driver License,572-88-4179,2002-09-13,2016-01-20,Rejected,2006-11-12,2014-02-28
679,679,Citizenship Certificate,388-31-8109,1985-11-27,1996-09-10,Rejected,2022-10-24,2022-10-24
680,680,Passport,158-72-9098,1988-02-21,2002-11-22,Rejected,1990-07-10,1999-01-16
681,681,Passport,737-23-9378,2021-11-18,2033-06-13,Verified,2022-10-22,2033-03-21
682,682,Citizenship Certificate,217-76-8535,1973-09-20,1986-08-23,Rejected,1978-03-19,1985-12-07
683,683,Passport,169-66-9744,1979-10-15,1993-04-24,Rejected,2000-07-07,2000-07-07
684,684,Citizenship Certificate,066-71-8773,1998-12-16,2016-06-10,Rejected,2008-10-04,2011-03-22
685,685,Passport,842-40-2980,2021-09-24,2036-04-14,Verified,2022-07-21,2028-11-18
686,686,Passport,687-31-2752,2022-01-14,2040-09-13,Verified,2023-05-17,2036-09-11
687,687,Citizenship Certificate,442-56-3947,1993-06-20,2009-05-13,Rejected,2003-01-18,2009-04-12
688,688,Passport,236-91-1230,1999-10-10,2018-11-20,Rejected,2018-02-06,2018-03-13
689,689,Citizenship Certificate,319-26-7612,1978-04-11,1990-06-02,Rejected,1978-05-14,1979-10-22
690,690,Citizenship Certificate,080-25-6376,2023-01-18,2037-09-08,Pending,2023-03-03,2036-03-08
691,691,Driver License,632-28-9417,1975-08-25,1994-03-04,Rejected,1980-06-16,1981-04-30
692,692,Citizenship Certificate,463-16-5284,2020-03-02,2033-09-22,Verified,2020-03-21,2028-12-21
693,693,Citizenship Certificate,556-70-7703,1990-02-05,2005-08-06,Rejected,2011-07-24,2011-07-24
694,694,Driver License,027-99-3626,2017-02-02,2031-04-08,Verified,2022-01-28,2022-09-13
695,695,Passport,161-33-0136,2007-10-16,2021-02-08,Rejected,2011-12-24,2015-02-25
696,696,Passport,879-25-9246,1998-02-14,2015-06-29,Rejected,2014-10-25,2015-01-10
697,697,Citizenship Certificate,600-66-1915,1989-10-30,2007-07-09,Rejected,2000-03-10,2002-04-29
698,698,Passport,884-23-6989,1995-08-27,2010-08-30,Rejected,2008-11-26,2010-01-26
699,699,Passport,076-67-9414,1966-11-20,1982-08-06,Rejected,1972-07-09,1973-12-26
700,700,Citizenship Certificate,597-45-2916,2014-02-25,2033-03-10,Pending,2020-02-09,2028-10-23
701,701,Driver License,670-02-8314,2018-01-25,2034-03-19,Verified,2023-03-19,2028-02-23
702,702,Passport,367-27-4892,1986-05-08,1998-12-14,Rejected,2012-01-16,2012-01-16
703,703,Driver License,475-62-3267,1991-01-04,2002-07-04,Rejected,1999-07-14,1999-11-06
704,704,Driver License,819-24-7980,2018-09-13,2038-05-13,Verified,2021-02-15,2033-09-13
705,705,Citizenship Certificate,728-42-1932,2001-12-10,2018-11-10,Rejected,2008-11-04,2018-08-31
706,706,Citizenship Certificate,730-50-6361,1992-08-28,2007-12-09,Rejected,1993-11-11,2002-10-04
707,707,Driver License,359-63-3558,1991-12-30,2008-02-29,Rejected,2004-03-28,2006-02-16
708,708,Driver License,150-39-1581,2013-07-02,2031-11-07,Verified,2019-10-12,2021-12-14
709,709,Driver License,394-34-4434,1988-08-19,2000-01-25,Rejected,1996-05-25,1998-04-13
710,710,Citizenship Certificate,734-89-8265,1985-10-02,2000-05-19,Rejected,2018-03-03,2018-03-03
711,711,Passport,165-58-1597,2007-07-03,2020-08-07,Rejected,2007-08-20,2016-08-01
712,712,Citizenship Certificate,116-97-0194,2021-05-01,2037-01-24,Verified,2023-05-03,2024-08-15
713,713,Driver License,559-32-5826,2015-01-28,2030-11-26,Verified,2023-01-14,2025-03-10
714,714,Citizenship Certificate,305-67-2225,1995-02-21,2012-08-15,Rejected,1997-02-18,1998-01-23
715,715,Citizenship Certificate,273-97-6712,1946-05-01,1958-08-31,Rejected,1947-08-29,1950-11-27
716,716,Citizenship Certificate,411-76-3090,2022-10-02,2035-11-04,Rejected,2023-11-18,2034-01-16
717,717,Citizenship Certificate,339-58-3003,1995-05-27,2007-03-18,Rejected,1996-02-08,2003-11-24
718,718,Driver License,205-86-8517,1996-06-29,2007-06-05,Rejected,2019-03-29,2019-03-29
719,719,Driver License,112-61-1037,2022-12-22,2033-08-12,Verified,2023-06-02,2028-03-19
720,720,Passport,463-58-0681,2004-10-16,2014-11-25,Rejected,2009-10-07,2010-03-15
721,721,Citizenship Certificate,469-84-9680,1995-08-14,2013-02-08,Rejected,1998-03-27,2006-06-20
722,722,Driver License,236-72-4315,2013-04-30,2027-04-11,Pending,2013-07-17,2014-02-10
723,723,Driver License,148-59-6871,2022-09-18,2033-05-30,Pending,2024-04-15,2030-11-08
724,724,Passport,597-17-4240,2005-08-16,2017-04-03,Rejected,2015-12-02,2016-07-25
725,725,Driver License,721-79-2747,2000-03-05,2011-08-27,Rejected,2002-06-13,2010-08-27
726,726,Passport,782-40-0581,2018-08-12,2034-01-04,Verified,2021-03-14,2032-02-06
727,727,Passport,750-90-3261,2014-04-07,2027-10-19,Verified,2021-01-04,2025-08-04
728,728,Passport,097-99-2818,2009-10-26,2023-02-09,Rejected,2011-09-23,2018-10-10
729,729,Citizenship Certificate,607-24-2021,2010-04-23,2022-07-03,Rejected,2020-06-25,2020-11-03
730,730,Citizenship Certificate,633-70-2622,1984-08-02,1999-03-19,Rejected,1985-10-17,1986-09-07
731,731,Citizenship Certificate,385-82-4818,2004-01-19,2021-08-17,Rejected,2005-11-29,2013-07-05
732,732,Passport,623-14-9804,2007-05-14,2021-01-24,Rejected,2008-08-22,2019-06-30
733,733,Passport,619-32-8957,1990-03-17,2008-11-03,Rejected,2018-08-04,2018-08-04
734,734,Driver License,584-04-7615,1997-11-21,2015-02-15,Rejected,2005-12-01,2009-01-14
735,735,Citizenship Certificate,038-37-0474,2018-12-27,2035-06-19,Verified,2020-01-18,2024-12-29
736,736,Citizenship Certificate,441-50-2052,2023-10-23,2041-09-06,Verified,2024-04-22,2026-07-05
737,737,Driver License,656-95-5771,2007-01-26,2026-12-29,Verified,2011-05-17,2020-04-05
738,738,Driver License,554-90-2227,1988-07-30,2003-02-13,Rejected,1993-12-12,1996-01-04
739,739,Citizenship Certificate,876-99-9186,1990-03-24,2006-12-23,Rejected,2003-11-14,2004-07-25
740,740,Driver License,714-09-7661,2020-10-09,2039-04-17,Verified,2021-10-14,2027-08-02
741,741,Passport,590-89-5518,1991-09-19,2008-08-25,Rejected,2021-09-09,2021-09-09
742,742,Passport,651-79-2604,1988-11-29,2008-09-17,Rejected,2003-09-08,2005-01-09
743,743,Citizenship Certificate,896-33-5413,2015-05-12,2030-05-17,Pending,2022-12-14,2022-12-30
744,744,Passport,839-57-0807,2019-02-15,2031-03-13,Verified,2020-10-06,2029-01-31
745,745,Passport,593-99-1563,2004-11-23,2017-07-15,Rejected,2017-05-05,2017-05-26
746,746,Passport,505-98-5067,2014-02-02,2032-05-02,Verified,2016-01-07,2029-10-29
747,747,Passport,127-63-2838,1985-06-10,2001-12-27,Rejected,1987-12-03,1995-03-28
748,748,Passport,017-78-1138,2023-06-02,2033-11-06,Pending,2024-05-30,2025-09-11
749,749,Driver License,186-12-4534,1994-03-21,2009-08-06,Rejected,1999-08-17,2008-12-02
750,750,Citizenship Certificate,868-87-5192,2010-05-04,2024-03-28,Rejected,2015-04-01,2018-05-07
751,751,Citizenship Certificate,288-19-7446,2017-07-03,2033-11-09,Pending,2020-02-19,2025-07-25
752,752,Passport,057-26-6401,2013-11-15,2026-11-27,Verified,2014-05-04,2026-08-21
753,753,Passport,366-47-5430,2021-07-03,2038-12-03,Verified,2022-08-17,2033-12-13
754,754,Citizenship Certificate,211-07-2719,2014-06-20,2034-06-11,Verified,2014-07-08,2018-06-19
755,755,Passport,492-52-8106,2012-08-09,2027-10-07,Verified,2014-11-09,2027-04-18
756,756,Citizenship Certificate,184-92-8771,2014-07-24,2026-05-06,Rejected,2015-08-30,2024-06-07
757,757,Driver License,313-07-9792,2010-06-30,2022-07-27,Rejected,2014-01-02,2018-02-22
758,758,Passport,296-55-5988,2019-04-21,2031-02-14,Verified,2019-07-18,2029-11-26
759,759,Passport,819-85-3130,1996-04-04,2010-07-25,Rejected,1997-04-25,1999-01-26
760,760,Passport,101-94-8127,1994-08-06,2014-04-30,Rejected,2001-10-31,2003-09-08
761,761,Passport,336-42-4810,1984-01-11,2003-07-26,Rejected,2001-11-03,2003-01-28
762,762,Passport,365-45-0033,2020-10-20,2038-12-22,Verified,2021-08-07,2024-05-26
763,763,Passport,001-85-4526,2003-12-07,2018-02-10,Rejected,2012-05-16,2016-03-20
764,764,Passport,313-29-2248,2019-09-27,2034-05-21,Verified,2023-05-24,2033-12-01
765,765,Passport,237-71-7529,1989-06-18,2001-08-14,Rejected,1996-02-06,1996-10-19
766,766,Driver License,676-05-4764,1994-06-22,2004-08-01,Rejected,1997-11-30,2003-06-16
767,767,Citizenship Certificate,195-82-8781,2010-10-10,2022-04-18,Rejected,2011-10-10,2018-06-18
768,768,Citizenship Certificate,734-25-8180,1982-05-29,2000-08-02,Rejected,1984-05-02,1987-06-23
769,769,Passport,682-68-0081,2017-11-26,2035-07-28,Rejected,2018-12-28,2021-06-13
770,770,Citizenship Certificate,298-59-8307,1994-01-27,2010-01-23,Rejected,1998-03-04,2003-05-02
771,771,Passport,481-46-6735,2011-12-08,2028-08-15,Verified,2013-06-12,2028-05-11
772,772,Passport,625-16-8885,2010-09-29,2029-05-14,Verified,2022-06-03,2026-02-02
773,773,Passport,103-62-1034,2008-10-20,2020-01-28,Rejected,2012-09-17,2016-04-02
774,774,Citizenship Certificate,757-37-5799,2014-12-16,2027-06-18,Verified,2019-01-10,2019-08-02
775,775,Passport,336-65-5838,2006-08-20,2022-09-20,Rejected,2012-02-21,2017-08-21
776,776,Citizenship Certificate,646-86-0213,2022-03-09,2033-08-24,Rejected,2023-03-25,2030-11-30
777,777,Passport,433-48-9512,2010-10-22,2030-01-17,Verified,2017-05-14,2028-10-01
778,778,Passport,580-49-8894,2009-08-01,2026-10-08,Pending,2021-08-23,2022-05-27
779,779,Driver License,245-46-7967,1976-03-11,1993-12-16,Rejected,2010-05-30,2010-05-30
780,780,Passport,111-07-7488,2001-02-18,2020-08-29,Rejected,2002-05-19,2009-12-29
781,781,Driver License,456-34-8092,2008-03-21,2024-10-05,Verified,2015-05-15,2022-08-15
782,782,Citizenship Certificate,104-31-9913,2010-01-14,2020-03-21,Rejected,2019-01-13,2020-01-22
783,783,Passport,103-10-6288,1998-06-19,2017-06-30,Rejected,2005-06-12,2012-01-13
784,784,Driver License,644-28-2587,2016-11-12,2034-06-28,Verified,2017-09-01,2018-01-13
785,785,Driver License,167-97-2813,1981-12-20,2000-01-11,Rejected,2012-07-05,2012-07-05
786,786,Driver License,508-57-9654,2008-12-26,2020-02-08,Rejected,2022-07-04,2022-07-04
787,787,Citizenship Certificate,472-96-8556,2008-04-14,2027-04-24,Verified,2016-10-24,2023-08-24
788,788,Citizenship Certificate,086-51-4528,1990-10-26,2005-03-04,Rejected,1995-04-12,1997-06-14
789,789,Passport,295-77-8136,1983-12-31,1998-04-24,Rejected,1987-05-19,1997-11-10
790,790,Driver License,259-45-8285,2013-02-13,2032-10-05,Verified,2014-05-05,2016-07-30
791,791,Citizenship Certificate,189-44-1223,2014-09-12,2026-07-31,Verified,2015-08-15,2017-02-16
792,792,Citizenship Certificate,660-10-8988,2010-05-30,2025-01-11,Verified,2015-08-08,2018-03-14
793,793,Passport,802-49-5682,1990-12-05,2009-01-26,Rejected,2023-10-15,2023-10-15
794,794,Driver License,409-63-3762,2003-08-23,2018-06-09,Rejected,2004-09-15,2011-11-15
795,795,Driver License,017-47-4155,1999-01-04,2013-08-29,Rejected,2008-04-07,2012-06-28
796,796,Driver License,839-31-5495,1990-03-30,2004-10-02,Rejected,2002-09-15,2004-01-11
797,797,Driver License,599-39-5654,2011-05-22,2021-09-28,Rejected,2017-01-28,2017-09-25
798,798,Driver License,878-25-2953,2007-08-23,2023-07-04,Rejected,2016-09-10,2017-04-18
799,799,Passport,746-82-4656,2017-10-06,2031-06-04,Verified,2018-12-28,2021-11-02
800,800,Passport,546-44-5920,2015-12-09,2033-11-06,Verified,2017-10-11,2023-05-17
801,801,Driver License,578-91-6849,2019-12-04,2032-07-03,Verified,2020-12-07,2029-08-08
802,802,Citizenship Certificate,364-53-0959,1978-01-11,1988-09-26,Rejected,1979-05-14,1988-02-09
803,803,Citizenship Certificate,039-04-2338,2000-02-10,2012-08-22,Rejected,2008-08-12,2010-03-26
804,804,Citizenship Certificate,037-96-3364,1975-05-20,1986-03-03,Rejected,2011-06-19,2011-06-19
805,805,Passport,043-04-9490,2021-11-06,2038-06-16,Verified,2022-11-27,2026-05-08
806,806,Passport,700-35-0435,2010-05-26,2023-01-22,Rejected,2016-11-06,2020-01-23
807,807,Passport,116-03-6611,1959-04-14,1978-12-27,Rejected,2005-08-15,2005-08-15
808,808,Passport,421-35-8124,2003-11-22,2014-08-19,Rejected,2018-09-21,2018-09-21
809,809,Driver License,389-83-7183,1992-06-16,2010-12-07,Rejected,1997-06-26,2000-05-27
810,810,Driver License,261-60-4366,2011-06-17,2025-09-27,Verified,2015-11-06,2025-09-04
811,811,Passport,526-85-8833,1993-05-13,2010-04-10,Rejected,2010-01-31,2010-02-01
812,812,Citizenship Certificate,726-77-8428,2010-11-27,2023-05-03,Rejected,2018-06-25,2022-10-04
813,813,Citizenship Certificate,855-54-7141,1991-01-16,2004-02-23,Rejected,2017-11-20,2017-11-20
814,814,Citizenship Certificate,791-46-0915,2020-12-20,2037-09-27,Verified,2023-10-20,2034-04-15
815,815,Passport,788-20-5299,1993-11-27,2011-10-29,Rejected,2013-08-16,2013-08-16
816,816,Driver License,829-11-3703,1991-08-11,2004-05-27,Rejected,1992-09-19,1995-01-05
817,817,Driver License,276-95-0699,1960-10-21,1971-07-08,Rejected,1982-02-08,1982-02-08
818,818,Passport,550-22-7610,2008-12-09,2022-05-22,Rejected,2013-11-13,2021-07-06
819,819,Driver License,287-95-1120,2016-03-14,2033-02-26,Verified,2019-06-29,2021-07-10
820,820,Driver License,148-65-6242,1985-09-09,1998-03-31,Rejected,1991-01-09,1992-12-21
821,821,Citizenship Certificate,202-10-5511,1998-11-15,2015-04-20,Rejected,2000-05-09,2009-09-18
822,822,Passport,433-55-2566,2010-06-06,2027-08-19,Verified,2012-07-14,2025-11-25
823,823,Citizenship Certificate,523-16-0949,1972-03-06,1989-05-23,Rejected,1973-04-09,1983-11-03
824,824,Passport,088-76-1053,2015-05-30,2025-12-11,Rejected,2022-04-23,2022-11-30
825,825,Passport,339-36-5158,2014-12-21,2032-10-06,Verified,2018-08-07,2024-06-24
826,826,Passport,333-08-9058,2016-03-12,2030-10-31,Verified,2019-01-04,2020-12-05
827,827,Citizenship Certificate,395-37-0472,2012-04-25,2031-02-15,Verified,2013-05-24,2019-11-20
828,828,Citizenship Certificate,699-36-8600,1991-01-08,2010-03-04,Rejected,2005-05-16,2010-02-12
829,829,Passport,456-56-4718,2019-11-25,2034-03-24,Verified,2023-08-02,2031-06-02
830,830,Passport,611-38-8047,1997-07-04,2009-03-08,Rejected,1998-08-14,2000-10-16
831,831,Citizenship Certificate,551-05-0034,1981-07-11,1995-09-16,Rejected,1984-08-27,1994-10-31
832,832,Driver License,886-84-3063,2007-05-13,2017-07-16,Rejected,2009-01-05,2016-11-23
833,833,Driver License,433-19-3338,1972-01-30,1991-09-02,Rejected,2003-01-24,2003-01-24
834,834,Citizenship Certificate,862-14-8570,2018-07-10,2031-05-13,Rejected,2019-07-31,2031-01-19
835,835,Driver License,461-30-7578,1990-01-27,2001-01-22,Rejected,1991-03-01,1993-06-27
836,836,Passport,089-15-7725,2011-01-20,2029-12-08,Verified,2017-09-15,2025-06-28
837,837,Driver License,297-63-1591,2022-06-15,2035-03-28,Verified,2024-03-21,2031-11-06
838,838,Citizenship Certificate,533-61-3563,1996-05-27,2014-11-13,Rejected,1996-06-07,1998-06-19
839,839,Citizenship Certificate,411-31-1512,2005-11-12,2021-08-04,Rejected,2012-09-12,2013-07-23
840,840,Driver License,249-29-5755,2019-03-15,2029-08-08,Verified,2023-08-22,2029-05-15
841,841,Passport,527-96-2788,2018-12-18,2033-07-26,Pending,2019-11-11,2027-08-17
842,842,Passport,157-28-9775,2012-07-11,2032-01-14,Pending,2014-04-02,2025-05-06
843,843,Citizenship Certificate,889-45-1723,2009-07-03,2020-04-07,Rejected,2014-09-29,2015-10-20
844,844,Driver License,251-77-9657,1992-11-29,2009-03-01,Rejected,2014-10-19,2014-10-19
845,845,Driver License,833-37-4573,2019-09-16,2036-03-11,Verified,2019-11-03,2024-01-01
846,846,Citizenship Certificate,179-20-2579,2015-10-09,2027-02-13,Verified,2019-02-04,2022-02-07
847,847,Driver License,268-33-7516,2011-10-19,2026-06-08,Rejected,2015-02-10,2023-08-24
848,848,Driver License,897-97-8212,2016-08-04,2027-09-07,Verified,2018-11-13,2026-01-19
849,849,Citizenship Certificate,147-49-9120,1983-04-27,1998-04-07,Rejected,1998-09-13,1998-09-13
850,850,Passport,654-26-2746,1999-05-07,2011-08-20,Rejected,2004-10-24,2010-05-31
851,851,Driver License,734-49-0471,1999-03-14,2011-06-14,Rejected,2000-12-23,2003-03-09
852,852,Citizenship Certificate,847-35-1239,2005-12-18,2018-10-14,Rejected,2008-06-02,2014-07-21
853,853,Citizenship Certificate,651-45-0086,2017-12-25,2030-08-22,Verified,2021-11-25,2027-04-09
854,854,Citizenship Certificate,010-60-4252,1971-10-06,1989-03-07,Rejected,2010-01-17,2010-01-17
855,855,Passport,464-55-5555,2021-03-28,2034-01-01,Verified,2022-11-05,2026-07-24
856,856,Passport,079-42-5692,2016-10-02,2033-10-10,Rejected,2016-11-26,2025-12-30
857,857,Passport,013-51-6532,1976-01-12,1991-04-12,Rejected,1976-07-14,1977-03-30
858,858,Passport,255-50-8513,2006-08-05,2024-07-23,Rejected,2019-01-20,2020-04-19
859,859,Passport,858-16-4776,2014-06-19,2032-04-25,Verified,2017-01-04,2031-06-17
860,860,Citizenship Certificate,344-30-2858,1992-05-25,2007-09-09,Rejected,1993-04-09,1998-02-14
861,861,Citizenship Certificate,473-67-7466,2020-06-06,2036-06-29,Verified,2021-11-16,2030-06-30
862,862,Citizenship Certificate,335-54-0678,1992-03-17,2010-07-02,Rejected,1992-05-16,2000-04-13
863,863,Passport,052-30-0675,1994-02-17,2013-05-24,Rejected,1995-07-25,1997-06-01
864,864,Passport,131-14-6322,1989-10-27,2009-09-08,Rejected,1991-11-27,1997-06-08
865,865,Citizenship Certificate,504-91-2633,2010-05-24,2026-03-02,Verified,2020-12-28,2022-08-31
866,866,Citizenship Certificate,043-57-6890,1963-12-11,1980-07-03,Rejected,1966-02-26,1978-05-05
867,867,Driver License,424-42-5394,2010-08-14,2021-04-17,Rejected,2016-05-20,2020-02-20
868,868,Citizenship Certificate,203-68-9979,2018-06-17,2031-08-08,Verified,2022-01-29,2029-05-12
869,869,Driver License,805-24-8537,1998-06-19,2009-03-18,Rejected,2001-06-08,2007-02-28
870,870,Citizenship Certificate,599-55-2493,2006-01-16,2021-11-29,Rejected,2013-11-11,2019-01-31
871,871,Passport,263-16-5259,1988-06-27,2004-12-20,Rejected,1994-03-07,1997-06-01
872,872,Citizenship Certificate,317-12-0490,2003-11-01,2019-02-16,Rejected,2011-09-02,2015-09-08
873,873,Passport,017-60-5922,1965-02-19,1984-01-16,Rejected,1974-05-23,1982-10-22
874,874,Citizenship Certificate,249-69-7759,2010-03-17,2029-08-10,Verified,2020-09-17,2026-07-02
875,875,Driver License,150-47-3256,2011-05-27,2030-10-31,Verified,2017-02-18,2026-09-26
876,876,Citizenship Certificate,255-13-2423,1998-07-25,2011-07-18,Rejected,2010-04-05,2010-10-26
877,877,Driver License,850-28-7429,1982-09-10,2001-05-03,Rejected,1993-11-17,1994-10-08
878,878,Passport,364-56-8616,2020-02-14,2038-04-09,Verified,2021-06-26,2025-10-17
879,879,Driver License,047-46-8937,2016-07-28,2028-04-14,Verified,2020-04-13,2027-05-25
880,880,Driver License,808-63-4520,2022-07-09,2041-02-05,Verified,2024-03-18,2029-11-18
881,881,Driver License,127-10-6790,1998-08-31,2013-08-16,Rejected,2001-08-16,2008-12-24
882,882,Citizenship Certificate,526-87-3729,2000-12-11,2014-12-16,Rejected,2007-11-05,2008-01-16
883,883,Passport,017-01-1390,2017-02-13,2029-07-21,Verified,2020-07-17,2025-04-30
884,884,Passport,048-19-3746,1983-08-17,2001-10-28,Rejected,1984-08-06,1988-11-29
885,885,Passport,283-92-8421,2018-09-20,2035-03-02,Verified,2023-09-15,2031-06-23
886,886,Citizenship Certificate,663-11-8508,2017-06-30,2035-01-18,Rejected,2019-01-27,2019-02-12
887,887,Passport,193-77-0614,2004-08-04,2022-06-29,Rejected,2005-06-30,2022-03-04
888,888,Passport,454-54-5055,2007-05-12,2017-11-08,Rejected,2013-07-06,2016-02-23
889,889,Passport,370-53-1467,1995-06-26,2011-01-31,Rejected,2021-02-06,2021-02-06
890,890,Driver License,102-79-7273,2006-03-07,2026-01-17,Pending,2020-11-23,2026-01-16
891,891,Citizenship Certificate,828-66-8634,2017-08-17,2033-10-24,Pending,2021-03-08,2028-07-05
892,892,Citizenship Certificate,001-36-3131,2013-07-08,2026-02-01,Verified,2014-08-01,2021-07-12
893,893,Passport,634-07-6540,2003-09-07,2013-09-18,Rejected,2018-04-29,2018-04-29
894,894,Citizenship Certificate,025-34-3323,2009-04-28,2027-10-25,Pending,2010-06-25,2016-11-11
895,895,Passport,226-93-9815,1995-04-20,2006-10-31,Rejected,2004-06-01,2004-11-13
896,896,Citizenship Certificate,510-18-9653,2022-06-01,2040-05-16,Verified,2023-07-29,2036-06-19
897,897,Driver License,803-97-8155,2017-11-12,2028-10-31,Verified,2019-10-09,2024-05-01
898,898,Citizenship Certificate,139-88-9480,2022-01-27,2032-07-12,Verified,2022-07-19,2031-10-24
899,899,Passport,785-67-6654,1992-03-01,2006-06-03,Rejected,2006-09-24,2006-09-24
900,900,Driver License,147-67-8411,2020-10-08,2032-10-03,Verified,2021-08-29,2027-11-29
901,901,Citizenship Certificate,639-99-8342,1985-07-11,2002-06-04,Rejected,2012-08-23,2012-08-23
902,902,Driver License,156-82-0801,1996-01-18,2014-01-16,Rejected,2009-09-11,2012-08-03
903,903,Citizenship Certificate,604-09-7306,1984-09-18,2001-08-03,Rejected,1989-02-13,1998-07-16
904,904,Citizenship Certificate,828-20-3825,1989-03-09,2002-02-05,Rejected,2002-01-24,2002-01-30
905,905,Driver License,649-30-1135,2021-08-21,2037-12-19,Verified,2021-12-09,2022-09-20
906,906,Passport,381-51-5014,2020-12-03,2036-01-04,Verified,2021-12-14,2027-03-21
907,907,Passport,717-72-4393,2013-03-31,2031-08-23,Verified,2019-03-27,2028-03-03
908,908,Citizenship Certificate,650-26-6697,2003-09-29,2020-01-28,Rejected,2014-12-31,2017-12-20
909,909,Driver License,466-50-5032,1985-04-01,2003-07-13,Rejected,1986-06-11,1990-09-13
910,910,Driver License,407-58-0238,2016-08-30,2028-12-27,Rejected,2021-02-10,2026-10-06
911,911,Passport,155-59-4292,1967-01-28,1985-10-20,Rejected,1968-05-20,1973-08-30
912,912,Driver License,476-90-6843,2016-07-23,2033-06-09,Verified,2018-06-25,2031-11-30
913,913,Driver License,888-28-0208,2015-04-05,2028-07-28,Verified,2023-10-13,2026-02-17
914,914,Citizenship Certificate,657-59-2622,2001-05-14,2011-05-14,Rejected,2014-02-26,2014-02-26
915,915,Passport,679-20-2580,2014-02-20,2027-12-30,Pending,2015-07-14,2017-08-19
916,916,Citizenship Certificate,222-27-0339,2004-11-16,2023-01-03,Rejected,2020-04-28,2021-07-16
917,917,Passport,673-28-5604,2018-04-24,2028-09-23,Verified,2019-06-26,2024-01-29
918,918,Driver License,123-42-7686,1998-12-29,2013-02-28,Rejected,2001-11-18,2003-12-21
919,919,Driver License,215-88-0162,2002-06-29,2015-09-05,Rejected,2012-10-17,2013-11-15
920,920,Passport,767-24-7127,2000-09-11,2015-02-26,Rejected,2002-11-21,2014-01-01
921,921,Driver License,309-57-9843,1998-08-27,2012-09-28,Rejected,2012-01-12,2012-03-16
922,922,Citizenship Certificate,128-20-5568,2023-01-21,2036-09-09,Verified,2023-06-11,2027-12-04
923,923,Driver License,332-08-5440,2019-01-14,2035-10-26,Verified,2020-06-10,2027-12-27
924,924,Driver License,601-58-0176,2000-11-30,2013-05-18,Rejected,2008-03-15,2010-11-12
925,925,Citizenship Certificate,849-53-1899,1984-08-20,1999-07-14,Rejected,1985-09-01,1993-03-20
926,926,Passport,337-50-9587,1972-02-06,1983-08-08,Rejected,1976-01-18,1981-08-05
927,927,Citizenship Certificate,284-17-9379,2002-10-05,2019-11-23,Rejected,2017-01-30,2018-07-04
928,928,Driver License,675-37-3213,1977-08-26,1995-11-21,Rejected,1994-08-29,1995-02-25
929,929,Passport,166-43-4337,2021-09-13,2034-11-13,Verified,2022-05-13,2034-05-12
930,930,Driver License,031-08-5320,2015-05-14,2034-09-30,Verified,2018-06-05,2023-08-29
931,931,Passport,099-59-6784,2018-05-16,2029-11-16,Verified,2021-04-19,2022-05-13
932,932,Passport,301-76-6406,1993-06-25,2006-05-12,Rejected,2024-03-01,2024-03-01
933,933,Driver License,121-85-2936,2011-07-08,2022-08-20,Rejected,2017-03-08,2021-08-06
934,934,Passport,092-23-4876,2020-03-26,2037-02-08,Verified,2022-11-11,2030-02-21
935,935,Passport,608-45-8486,1998-06-25,2012-12-08,Rejected,2010-09-09,2012-09-21
936,936,Passport,374-34-5959,2012-06-04,2024-04-11,Rejected,2014-11-30,2022-05-06
937,937,Driver License,116-52-2202,2017-10-18,2034-09-10,Verified,2019-06-18,2029-01-30
938,938,Driver License,356-38-3874,2006-11-12,2023-07-22,Rejected,2023-05-19,2023-07-08
939,939,Driver License,031-86-6383,2001-10-12,2012-09-13,Rejected,2009-04-04,2010-01-10
940,940,Driver License,132-67-8683,2022-05-26,2033-02-22,Pending,2022-09-03,2027-09-23
941,941,Citizenship Certificate,351-19-5317,1980-08-27,1995-10-21,Rejected,1988-02-02,1995-03-08
942,942,Passport,670-33-5846,2013-07-31,2027-03-20,Verified,2013-08-20,2019-04-23
943,943,Passport,837-21-3729,2016-05-31,2035-09-04,Pending,2019-02-06,2028-11-23
944,944,Driver License,253-43-1303,2013-04-25,2025-03-05,Verified,2015-09-10,2015-12-01
945,945,Driver License,501-96-6051,2019-11-17,2035-03-08,Verified,2020-06-22,2034-10-18
946,946,Citizenship Certificate,772-97-0728,2023-05-28,2039-01-20,Verified,2024-06-07,2037-06-11
947,947,Passport,864-40-8600,2020-08-23,2039-05-10,Verified,2023-04-27,2029-07-18
948,948,Passport,773-51-4551,2007-05-17,2025-10-24,Verified,2019-10-13,2023-07-02
949,949,Passport,286-49-4657,2008-03-18,2023-03-05,Rejected,2018-02-02,2019-11-10
950,950,Driver License,284-33-0669,1996-07-21,2012-07-18,Rejected,1998-01-17,2007-11-05
951,951,Passport,739-48-1906,2014-06-21,2031-09-26,Verified,2021-04-15,2022-12-07
952,952,Driver License,469-22-0572,1988-08-24,2001-10-08,Rejected,2003-02-17,2003-02-17
953,953,Driver License,396-62-6000,1990-03-29,2009-07-16,Rejected,1991-10-28,2004-01-12
954,954,Citizenship Certificate,662-17-7895,2007-10-20,2022-06-15,Rejected,2008-12-21,2009-11-24
955,955,Citizenship Certificate,008-97-9263,1998-08-07,2017-03-10,Rejected,2022-08-18,2022-08-18
956,956,Citizenship Certificate,868-18-9595,2022-06-08,2038-10-25,Verified,2023-04-29,2029-06-26
957,957,Passport,730-69-2579,1986-04-15,2002-08-09,Rejected,2016-04-01,2016-04-01
958,958,Driver License,318-90-0869,2008-06-10,2025-12-14,Verified,2013-11-19,2020-04-27
959,959,Passport,890-11-6687,2023-01-04,2037-12-10,Verified,2023-09-20,2030-06-09
960,960,Passport,789-65-2732,2008-10-05,2020-02-13,Rejected,2023-01-20,2023-01-20
961,961,Passport,380-49-6925,1985-09-20,1997-01-06,Rejected,1990-11-29,1991-06-19
962,962,Driver License,890-34-9901,2009-12-10,2020-05-11,Rejected,2016-04-05,2017-05-15
963,963,Driver License,635-41-8495,2021-04-27,2033-07-05,Verified,2024-06-06,2026-10-31
964,964,Passport,622-97-0998,2019-01-03,2034-12-28,Verified,2020-09-24,2032-12-08
965,965,Citizenship Certificate,097-11-1850,1960-07-16,1978-10-08,Rejected,1961-12-27,1971-02-01
966,966,Citizenship Certificate,734-21-3557,2002-02-08,2020-05-08,Rejected,2008-01-04,2009-11-09
967,967,Driver License,061-55-6048,2014-06-24,2031-04-26,Verified,2018-05-24,2023-09-27
968,968,Passport,842-57-6679,1998-06-14,2008-07-25,Rejected,2012-05-21,2012-05-21
969,969,Driver License,862-82-4981,2010-04-16,2025-06-08,Verified,2013-01-12,2024-02-18
970,970,Citizenship Certificate,318-56-6206,2019-06-26,2034-01-30,Verified,2022-08-18,2026-11-18
971,971,Passport,536-91-0980,2005-07-15,2021-07-04,Rejected,2012-11-20,2013-05-27
972,972,Passport,682-25-2399,1999-03-25,2013-01-09,Rejected,2010-12-05,2011-06-22
973,973,Passport,026-95-0364,1992-04-07,2005-04-18,Rejected,1994-01-31,1995-09-22
974,974,Passport,379-41-4026,1986-08-17,2000-08-06,Rejected,2021-08-01,2021-08-01
975,975,Driver License,691-12-1448,2015-12-26,2035-09-05,Verified,2022-11-16,2024-08-24
976,976,Driver License,004-32-0638,2004-01-26,2023-04-12,Rejected,2007-05-09,2013-06-25
977,977,Driver License,475-25-7669,2012-10-10,2032-07-25,Verified,2014-10-20,2018-01-04
978,978,Citizenship Certificate,643-50-6385,1990-10-23,2007-09-13,Rejected,2008-12-06,2008-12-06
979,979,Citizenship Certificate,625-07-0895,2009-06-08,2021-10-08,Rejected,2017-10-29,2020-12-05
980,980,Passport,354-56-6470,2022-03-07,2034-04-04,Verified,2022-12-07,2029-07-02
981,981,Citizenship Certificate,784-83-6774,1997-06-01,2010-08-22,Rejected,2016-02-02,2016-02-02
982,982,Citizenship Certificate,746-72-0500,2020-06-19,2031-02-15,Verified,2023-02-21,2025-07-16
983,983,Driver License,322-87-8451,2017-05-28,2031-09-05,Verified,2021-09-25,2030-04-30
984,984,Passport,121-78-5233,2001-08-04,2017-10-29,Rejected,2006-05-18,2011-04-17
985,985,Passport,196-57-4129,2003-11-26,2015-05-23,Rejected,2016-10-16,2016-10-16
986,986,Driver License,871-18-6054,1997-09-10,2007-12-24,Rejected,2002-10-14,2006-01-12
987,987,Citizenship Certificate,518-78-8254,2023-03-22,2034-04-01,Verified,2024-01-27,2031-12-30
988,988,Passport,562-19-0114,2016-12-30,2027-06-25,Verified,2020-02-17,2022-11-05
989,989,Passport,549-97-1114,1968-04-12,1984-07-12,Rejected,1973-11-20,1979-02-09
990,990,Driver License,399-30-7233,1991-12-12,2008-01-28,Rejected,2006-03-26,2007-06-11
991,991,Citizenship Certificate,348-65-8428,2012-09-17,2028-12-25,Pending,2018-11-11,2019-07-19
992,992,Driver License,723-33-7166,2015-01-10,2029-07-28,Verified,2017-01-27,2021-04-19
993,993,Driver License,169-44-6619,1968-03-22,1984-04-24,Rejected,1981-01-12,1983-05-03
994,994,Citizenship Certificate,887-17-8044,2009-12-26,2025-02-03,Pending,2011-11-21,2020-02-28
995,995,Passport,582-90-0534,1995-02-04,2009-07-15,Rejected,1999-03-08,2001-04-22
996,996,Passport,349-05-4390,2012-08-13,2025-01-29,Verified,2014-03-05,2017-08-20
997,997,Passport,611-44-6433,2016-12-09,2031-09-30,Pending,2023-08-25,2028-11-19
998,998,Driver License,378-59-9247,2013-08-13,2027-06-12,Pending,2017-09-22,2024-11-20
999,999,Passport,723-48-5567,2010-04-07,2022-05-16,Rejected,2018-09-16,2019-12-21
1000,1000,Citizenship Certificate,519-59-0434,1976-07-18,1993-11-02,Rejected,1977-03-06,1983-04-30
